simulation_time_s,obj_index,speed_mps,brake,pos_x,pos_y,pos_z
0.00,0,1.45,0.00,4.91,-105.54,0.30
1.00,0,0.23,0.00,4.91,-105.54,0.24
2.00,0,0.06,0.00,4.90,-105.54,0.23
3.00,0,0.08,0.00,4.90,-105.54,0.24
4.00,0,0.07,0.00,4.89,-105.54,0.25
5.00,0,0.26,0.00,4.88,-105.54,0.25
6.00,0,0.37,0.00,4.85,-105.54,0.25
7.00,0,0.49,0.00,4.80,-105.54,0.25
8.00,0,0.68,0.00,4.74,-105.55,0.25
9.00,0,0.71,0.00,4.67,-105.55,0.25
10.00,0,0.76,0.00,4.59,-105.56,0.25
11.00,0,0.73,0.00,4.52,-105.56,0.25
12.00,0,0.73,0.00,4.45,-105.56,0.25
13.00,0,0.70,0.00,4.38,-105.56,0.25
14.00,0,0.69,0.00,4.31,-105.56,0.25
15.00,0,0.69,0.00,4.24,-105.56,0.25
16.00,0,0.70,0.00,4.17,-105.57,0.25
17.00,0,0.73,0.00,4.09,-105.57,0.25
18.00,0,0.78,0.00,4.02,-105.57,0.25
19.00,0,0.82,0.00,3.94,-105.56,0.25
20.00,0,0.82,0.00,3.86,-105.57,0.25
21.00,0,0.83,0.00,3.78,-105.57,0.25
22.00,0,0.82,0.00,3.70,-105.57,0.25
23.00,0,0.81,0.00,3.61,-105.58,0.25
24.00,0,0.80,0.00,3.54,-105.58,0.25
25.00,0,0.79,0.00,3.46,-105.58,0.25
26.00,0,0.79,0.00,3.38,-105.59,0.25
27.00,0,0.78,0.00,3.30,-105.59,0.25
28.00,0,0.78,0.00,3.22,-105.60,0.25
29.00,0,0.82,0.00,3.14,-105.60,0.25
30.00,0,0.82,0.00,3.06,-105.61,0.25
31.00,0,0.80,0.00,2.98,-105.61,0.25
32.00,0,0.80,0.00,2.90,-105.62,0.25
33.00,0,0.81,0.00,2.82,-105.62,0.25
34.00,0,0.81,0.00,2.74,-105.63,0.25
35.00,0,0.80,0.00,2.66,-105.63,0.25
36.00,0,0.79,0.00,2.58,-105.64,0.25
37.00,0,0.78,0.00,2.50,-105.65,0.25
38.00,0,0.78,0.00,2.43,-105.65,0.25
39.00,0,0.77,0.00,2.35,-105.66,0.25
40.00,0,0.78,0.00,2.27,-105.66,0.25
41.00,0,0.79,0.00,2.20,-105.67,0.25
42.00,0,0.80,0.00,2.12,-105.68,0.25
43.00,0,0.79,0.00,2.04,-105.68,0.25
44.00,0,0.82,0.00,1.96,-105.69,0.25
45.00,0,0.81,0.00,1.88,-105.70,0.25
46.00,0,0.82,0.00,1.80,-105.71,0.25
47.00,0,0.80,0.00,1.72,-105.72,0.25
48.00,0,0.81,0.00,1.64,-105.73,0.25
49.00,0,0.79,0.00,1.56,-105.73,0.25
50.00,0,0.79,0.00,1.48,-105.74,0.25
51.00,0,0.79,0.00,1.40,-105.75,0.25
52.00,0,0.78,0.00,1.32,-105.76,0.25
53.00,0,0.79,0.00,1.25,-105.77,0.25
54.00,0,0.82,0.00,1.17,-105.78,0.25
55.00,0,0.80,0.00,1.09,-105.79,0.25
56.00,0,0.81,0.00,1.01,-105.80,0.25
57.00,0,0.79,0.00,0.93,-105.81,0.25
58.00,0,0.80,0.00,0.85,-105.83,0.25
59.00,0,0.79,0.00,0.78,-105.84,0.25
60.00,0,0.80,0.00,0.70,-105.85,0.25
61.00,0,0.79,0.00,0.62,-105.86,0.25
62.00,0,0.82,0.00,0.54,-105.88,0.25
63.00,0,0.80,0.00,0.46,-105.89,0.25
64.00,0,0.81,0.00,0.38,-105.90,0.25
65.00,0,0.79,0.00,0.31,-105.92,0.25
66.00,0,0.80,0.00,0.23,-105.93,0.25
67.00,0,0.78,0.00,0.15,-105.95,0.25
68.00,0,0.81,0.00,0.07,-105.96,0.25
69.00,0,0.80,0.00,-0.00,-105.98,0.25
70.00,0,0.81,0.00,-0.08,-105.99,0.25
71.00,0,0.79,0.00,-0.16,-106.01,0.25
72.00,0,0.80,0.00,-0.24,-106.02,0.25
73.00,0,0.78,0.00,-0.31,-106.04,0.25
74.00,0,0.79,0.00,-0.39,-106.06,0.25
75.00,0,0.82,0.00,-0.47,-106.08,0.25
76.00,0,0.80,0.00,-0.54,-106.10,0.25
77.00,0,0.81,0.00,-0.62,-106.12,0.25
78.00,0,0.79,0.00,-0.70,-106.13,0.25
79.00,0,0.81,0.00,-0.77,-106.15,0.25
80.00,0,0.79,0.00,-0.85,-106.18,0.25
81.00,0,0.81,0.00,-0.93,-106.20,0.25
82.00,0,0.79,0.00,-1.00,-106.22,0.25
83.00,0,0.81,0.00,-1.08,-106.24,0.25
84.00,0,0.79,0.00,-1.15,-106.26,0.25
85.00,0,0.81,0.00,-1.23,-106.28,0.25
86.00,0,0.79,0.00,-1.31,-106.31,0.25
87.00,0,0.80,0.00,-1.38,-106.33,0.25
88.00,0,0.79,0.00,-1.46,-106.36,0.25
89.00,0,0.81,0.00,-1.53,-106.38,0.25
90.00,0,0.79,0.00,-1.61,-106.41,0.25
91.00,0,0.80,0.00,-1.68,-106.43,0.25
92.00,0,0.79,0.00,-1.76,-106.46,0.25
93.00,0,0.81,0.00,-1.83,-106.48,0.25
94.00,0,0.79,0.00,-1.90,-106.51,0.25
95.00,0,0.81,0.00,-1.98,-106.54,0.25
96.00,0,0.79,0.00,-2.05,-106.57,0.25
97.00,0,0.81,0.00,-2.12,-106.60,0.25
98.00,0,0.79,0.00,-2.20,-106.63,0.25
99.00,0,0.79,0.00,-2.27,-106.66,0.25
100.00,0,0.80,0.00,-2.34,-106.69,0.25
101.00,0,0.78,0.00,-2.41,-106.72,0.25
102.00,0,0.77,0.00,-2.48,-106.75,0.25
103.00,0,0.79,0.00,-2.56,-106.78,0.25
104.00,0,0.80,0.00,-2.63,-106.81,0.25
105.00,0,0.80,0.00,-2.70,-106.84,0.25
106.00,0,0.79,0.00,-2.77,-106.88,0.25
107.00,0,0.79,0.00,-2.84,-106.91,0.25
108.00,0,0.79,0.00,-2.91,-106.95,0.25
109.00,0,0.79,0.00,-2.98,-106.98,0.25
110.00,0,0.79,0.00,-3.05,-107.02,0.25
111.00,0,0.79,0.00,-3.12,-107.05,0.25
112.00,0,0.78,0.00,-3.19,-107.09,0.25
113.00,0,0.78,0.00,-3.26,-107.13,0.25
114.00,0,0.80,0.00,-3.32,-107.17,0.25
115.00,0,0.81,0.00,-3.39,-107.20,0.25
116.00,0,0.79,0.00,-3.46,-107.24,0.25
117.00,0,0.78,0.00,-3.53,-107.28,0.25
118.00,0,0.79,0.00,-3.60,-107.32,0.25
119.00,0,0.78,0.00,-3.66,-107.36,0.25
120.00,0,0.82,0.00,-3.73,-107.40,0.25
121.00,0,0.81,0.00,-3.80,-107.45,0.25
122.00,0,0.80,0.00,-3.87,-107.49,0.25
123.00,0,0.81,0.00,-3.93,-107.53,0.25
124.00,0,0.79,0.00,-4.00,-107.57,0.25
125.00,0,0.79,0.00,-4.06,-107.62,0.25
126.00,0,0.78,0.00,-4.13,-107.66,0.25
127.00,0,0.78,0.00,-4.19,-107.71,0.25
128.00,0,0.79,0.00,-4.25,-107.75,0.25
129.00,0,0.80,0.00,-4.32,-107.80,0.25
130.00,0,0.79,0.00,-4.38,-107.84,0.25
131.00,0,0.79,0.00,-4.44,-107.89,0.25
132.00,0,0.78,0.00,-4.50,-107.93,0.25
133.00,0,0.78,0.00,-4.57,-107.98,0.25
134.00,0,0.78,0.00,-4.63,-108.03,0.25
135.00,0,0.79,0.00,-4.69,-108.08,0.25
136.00,0,0.79,0.00,-4.75,-108.13,0.25
137.00,0,0.81,0.00,-4.81,-108.17,0.25
138.00,0,0.81,0.00,-4.87,-108.23,0.25
139.00,0,0.79,0.00,-4.93,-108.28,0.25
140.00,0,0.79,0.00,-4.99,-108.33,0.25
141.00,0,0.77,0.00,-5.05,-108.38,0.25
142.00,0,0.79,0.00,-5.11,-108.43,0.25
143.00,0,0.79,0.00,-5.16,-108.48,0.25
144.00,0,0.80,0.00,-5.22,-108.53,0.25
145.00,0,0.80,0.00,-5.28,-108.59,0.25
146.00,0,0.79,0.00,-5.33,-108.64,0.25
147.00,0,0.81,0.00,-5.39,-108.69,0.25
148.00,0,0.80,0.00,-5.45,-108.75,0.25
149.00,0,0.81,0.00,-5.50,-108.80,0.25
150.00,0,0.79,0.00,-5.56,-108.86,0.25
151.00,0,0.79,0.00,-5.61,-108.92,0.25
152.00,0,0.77,0.00,-5.67,-108.97,0.25
153.00,0,0.81,0.00,-5.72,-109.03,0.25
154.00,0,0.80,0.00,-5.77,-109.09,0.25
155.00,0,0.80,0.00,-5.83,-109.14,0.25
156.00,0,0.79,0.00,-5.88,-109.20,0.25
157.00,0,0.81,0.00,-5.93,-109.26,0.25
158.00,0,0.79,0.00,-5.98,-109.32,0.25
159.00,0,0.79,0.00,-6.04,-109.38,0.25
160.00,0,0.77,0.00,-6.08,-109.44,0.25
161.00,0,0.78,0.00,-6.13,-109.50,0.25
162.00,0,0.78,0.00,-6.18,-109.56,0.25
163.00,0,0.80,0.00,-6.23,-109.62,0.25
164.00,0,0.80,0.00,-6.28,-109.68,0.25
165.00,0,0.80,0.00,-6.33,-109.74,0.25
166.00,0,0.78,0.00,-6.37,-109.80,0.25
167.00,0,0.80,0.00,-6.42,-109.86,0.25
168.00,0,0.79,0.00,-6.47,-109.93,0.25
169.00,0,0.79,0.00,-6.51,-109.99,0.25
170.00,0,0.80,0.00,-6.56,-110.05,0.25
171.00,0,0.79,0.00,-6.60,-110.12,0.25
172.00,0,0.79,0.00,-6.65,-110.18,0.25
173.00,0,0.79,0.00,-6.69,-110.25,0.25
174.00,0,0.80,0.00,-6.74,-110.31,0.25
175.00,0,0.78,0.00,-6.78,-110.37,0.25
176.00,0,0.80,0.00,-6.82,-110.44,0.25
177.00,0,0.78,0.00,-6.86,-110.51,0.25
178.00,0,0.79,0.00,-6.90,-110.57,0.25
179.00,0,0.77,0.00,-6.94,-110.64,0.25
180.00,0,0.77,0.00,-6.98,-110.70,0.25
181.00,0,0.78,0.00,-7.02,-110.77,0.25
182.00,0,0.78,0.00,-7.06,-110.83,0.25
183.00,0,0.81,0.00,-7.10,-110.90,0.25
184.00,0,0.79,0.00,-7.14,-110.97,0.25
185.00,0,0.78,0.00,-7.17,-111.04,0.25
186.00,0,0.77,0.00,-7.21,-111.11,0.25
187.00,0,0.76,0.00,-7.25,-111.17,0.25
188.00,0,0.76,0.00,-7.28,-111.24,0.25
189.00,0,0.77,0.00,-7.32,-111.31,0.25
190.00,0,0.80,0.00,-7.35,-111.38,0.25
191.00,0,0.79,0.00,-7.39,-111.45,0.25
192.00,0,0.78,0.00,-7.42,-111.52,0.25
193.00,0,0.78,0.00,-7.45,-111.59,0.25
194.00,0,0.78,0.00,-7.48,-111.66,0.25
195.00,0,0.78,0.00,-7.52,-111.73,0.25
196.00,0,0.79,0.00,-7.55,-111.81,0.25
197.00,0,0.79,0.00,-7.58,-111.88,0.25
198.00,0,0.86,0.00,-7.61,-111.95,0.25
199.00,0,0.83,0.00,-7.64,-112.03,0.25
200.00,0,0.82,0.00,-7.67,-112.11,0.25
201.00,0,0.82,0.00,-7.70,-112.18,0.25
202.00,0,0.79,0.00,-7.73,-112.26,0.25
203.00,0,0.79,0.00,-7.76,-112.33,0.25
204.00,0,0.78,0.00,-7.79,-112.40,0.25
205.00,0,0.80,0.00,-7.82,-112.48,0.25
206.00,0,0.79,0.00,-7.84,-112.55,0.25
207.00,0,0.80,0.00,-7.87,-112.63,0.25
208.00,0,0.77,0.00,-7.89,-112.70,0.25
209.00,0,0.78,0.00,-7.92,-112.77,0.25
210.00,0,0.78,0.00,-7.94,-112.85,0.25
211.00,0,0.78,0.00,-7.96,-112.92,0.25
212.00,0,0.77,0.00,-7.98,-113.00,0.25
213.00,0,0.78,0.00,-8.01,-113.07,0.25
214.00,0,0.77,0.00,-8.03,-113.15,0.25
215.00,0,0.72,0.00,-8.05,-113.22,0.25
216.00,0,0.65,0.00,-8.06,-113.29,0.25
217.00,0,0.62,0.00,-8.08,-113.35,0.25
218.00,0,0.74,0.00,-8.10,-113.41,0.27
219.00,0,0.82,0.00,-8.12,-113.49,0.27
220.00,0,0.80,0.00,-8.14,-113.57,0.28
221.00,0,0.81,0.00,-8.16,-113.64,0.28
222.00,0,0.81,0.00,-8.17,-113.72,0.28
223.00,0,0.79,0.00,-8.19,-113.80,0.28
224.00,0,0.83,0.00,-8.21,-113.88,0.28
225.00,0,0.80,0.00,-8.22,-113.96,0.28
226.00,0,0.87,0.00,-8.24,-114.04,0.28
227.00,0,0.84,0.00,-8.26,-114.12,0.28
228.00,0,0.83,0.00,-8.27,-114.20,0.28
229.00,0,0.80,0.00,-8.28,-114.28,0.28
230.00,0,0.80,0.00,-8.30,-114.36,0.28
231.00,0,0.79,0.00,-8.31,-114.44,0.28
232.00,0,0.79,0.00,-8.32,-114.51,0.28
233.00,0,0.74,0.00,-8.33,-114.59,0.28
234.00,0,0.80,0.00,-8.34,-114.67,0.28
235.00,0,0.78,0.00,-8.35,-114.74,0.28
236.00,0,0.76,0.00,-8.36,-114.82,0.28
237.00,0,0.78,0.00,-8.37,-114.90,0.28
238.00,0,0.79,0.00,-8.38,-114.97,0.28
239.00,0,0.82,0.00,-8.39,-115.05,0.28
240.00,0,0.77,0.00,-8.39,-115.13,0.28
241.00,0,0.78,0.00,-8.40,-115.21,0.28
242.00,0,0.79,0.00,-8.41,-115.29,0.28
243.00,0,0.78,0.00,-8.41,-115.37,0.28
244.00,0,0.79,0.00,-8.42,-115.44,0.28
245.00,0,0.78,0.00,-8.42,-115.52,0.28
246.00,0,0.79,0.00,-8.43,-115.60,0.28
247.00,0,0.79,0.00,-8.43,-115.68,0.28
248.00,0,0.80,0.00,-8.43,-115.76,0.28
249.00,0,0.79,0.00,-8.44,-115.84,0.28
250.00,0,0.79,0.00,-8.44,-115.92,0.28
251.00,0,0.78,0.00,-8.44,-116.00,0.28
252.00,0,0.79,0.00,-8.44,-116.08,0.28
253.00,0,0.79,0.00,-8.44,-116.15,0.28
254.00,0,0.80,0.00,-8.44,-116.23,0.28
255.00,0,0.78,0.00,-8.44,-116.31,0.28
256.00,0,0.79,0.00,-8.44,-116.39,0.28
257.00,0,0.79,0.00,-8.43,-116.47,0.27
258.00,0,0.79,0.00,-8.43,-116.54,0.26
259.00,0,0.78,0.00,-8.43,-116.62,0.26
260.00,0,0.78,0.00,-8.43,-116.69,0.26
261.00,0,0.80,0.00,-8.43,-116.77,0.25
262.00,0,0.81,0.00,-8.42,-116.85,0.25
263.00,0,0.80,0.00,-8.42,-116.93,0.25
264.00,0,0.79,0.00,-8.41,-117.01,0.25
265.00,0,0.79,0.00,-8.41,-117.09,0.25
266.00,0,0.80,0.00,-8.40,-117.17,0.25
267.00,0,0.80,0.00,-8.39,-117.24,0.25
268.00,0,0.80,0.00,-8.39,-117.32,0.25
269.00,0,0.78,0.00,-8.38,-117.40,0.25
270.00,0,0.78,0.00,-8.37,-117.48,0.25
271.00,0,0.79,0.00,-8.36,-117.55,0.25
272.00,0,0.77,0.00,-8.35,-117.63,0.25
273.00,0,0.77,0.00,-8.34,-117.70,0.25
274.00,0,0.75,0.00,-8.32,-117.78,0.25
275.00,0,0.73,0.00,-8.31,-117.85,0.25
276.00,0,0.74,0.00,-8.30,-117.92,0.25
277.00,0,0.71,0.00,-8.29,-117.99,0.25
278.00,0,0.71,0.00,-8.28,-118.06,0.25
279.00,0,0.76,0.00,-8.27,-118.13,0.25
280.00,0,0.75,0.00,-8.25,-118.20,0.25
281.00,0,0.77,0.00,-8.24,-118.28,0.25
282.00,0,0.77,0.00,-8.23,-118.35,0.25
283.00,0,0.77,0.00,-8.22,-118.43,0.25
284.00,0,0.77,0.00,-8.20,-118.50,0.25
285.00,0,0.80,0.00,-8.19,-118.58,0.25
286.00,0,0.80,0.00,-8.17,-118.66,0.25
287.00,0,0.81,0.00,-8.16,-118.74,0.25
288.00,0,0.79,0.00,-8.14,-118.82,0.25
289.00,0,0.79,0.00,-8.13,-118.89,0.25
290.00,0,0.80,0.00,-8.11,-118.97,0.25
291.00,0,0.79,0.00,-8.10,-119.05,0.25
292.00,0,0.78,0.00,-8.08,-119.12,0.25
293.00,0,0.82,0.00,-8.07,-119.20,0.25
294.00,0,0.82,0.00,-8.05,-119.28,0.25
295.00,0,0.82,0.00,-8.03,-119.36,0.25
296.00,0,0.80,0.00,-8.02,-119.44,0.25
297.00,0,0.81,0.00,-8.00,-119.52,0.25
298.00,0,0.79,0.00,-7.98,-119.59,0.25
299.00,0,0.81,0.00,-7.97,-119.67,0.25
300.00,0,0.80,0.00,-7.95,-119.75,0.25
301.00,0,0.81,0.00,-7.93,-119.83,0.25
302.00,0,0.79,0.00,-7.91,-119.90,0.25
303.00,0,0.80,0.00,-7.90,-119.98,0.25
304.00,0,0.79,0.00,-7.88,-120.06,0.25
305.00,0,0.81,0.00,-7.86,-120.14,0.25
306.00,0,0.79,0.00,-7.84,-120.21,0.25
307.00,0,0.81,0.00,-7.82,-120.29,0.25
308.00,0,0.79,0.00,-7.81,-120.37,0.25
309.00,0,0.81,0.00,-7.79,-120.44,0.25
310.00,0,0.79,0.00,-7.77,-120.52,0.25
311.00,0,0.81,0.00,-7.75,-120.60,0.25
312.00,0,0.79,0.00,-7.73,-120.67,0.25
313.00,0,0.81,0.00,-7.71,-120.75,0.25
314.00,0,0.79,0.00,-7.70,-120.83,0.25
315.00,0,0.81,0.00,-7.68,-120.91,0.25
316.00,0,0.79,0.00,-7.66,-120.98,0.25
317.00,0,0.81,0.00,-7.64,-121.06,0.25
318.00,0,0.79,0.00,-7.62,-121.14,0.25
319.00,0,0.81,0.00,-7.60,-121.21,0.25
320.00,0,0.79,0.00,-7.58,-121.29,0.25
321.00,0,0.81,0.00,-7.56,-121.37,0.25
322.00,0,0.79,0.00,-7.54,-121.44,0.25
323.00,0,0.81,0.00,-7.52,-121.52,0.25
324.00,0,0.79,0.00,-7.51,-121.60,0.25
325.00,0,0.81,0.00,-7.49,-121.68,0.25
326.00,0,0.79,0.00,-7.47,-121.75,0.25
327.00,0,0.81,0.00,-7.45,-121.83,0.25
328.00,0,0.79,0.00,-7.43,-121.91,0.25
329.00,0,0.81,0.00,-7.41,-121.98,0.25
330.00,0,0.79,0.00,-7.39,-122.06,0.25
331.00,0,0.81,0.00,-7.37,-122.14,0.25
332.00,0,0.79,0.00,-7.35,-122.21,0.25
333.00,0,0.80,0.00,-7.34,-122.29,0.25
334.00,0,0.78,0.00,-7.33,-122.37,0.25
335.00,0,0.80,0.00,-7.31,-122.45,0.25
336.00,0,0.79,0.00,-7.30,-122.52,0.25
337.00,0,0.81,0.00,-7.28,-122.60,0.25
338.00,0,0.79,0.00,-7.27,-122.68,0.25
339.00,0,0.81,0.00,-7.26,-122.76,0.25
340.00,0,0.79,0.00,-7.24,-122.84,0.25
341.00,0,0.81,0.00,-7.23,-122.91,0.25
342.00,0,0.79,0.00,-7.21,-122.99,0.25
343.00,0,0.81,0.00,-7.20,-123.07,0.25
344.00,0,0.79,0.00,-7.19,-123.15,0.25
345.00,0,0.81,0.00,-7.18,-123.23,0.25
346.00,0,0.79,0.00,-7.16,-123.31,0.25
347.00,0,0.81,0.00,-7.15,-123.38,0.25
348.00,0,0.79,0.00,-7.14,-123.46,0.25
349.00,0,0.81,0.00,-7.13,-123.54,0.25
350.00,0,0.79,0.00,-7.12,-123.62,0.25
351.00,0,0.81,0.00,-7.11,-123.70,0.25
352.00,0,0.79,0.00,-7.10,-123.78,0.25
353.00,0,0.81,0.00,-7.09,-123.85,0.25
354.00,0,0.79,0.00,-7.08,-123.93,0.25
355.00,0,0.81,0.00,-7.07,-124.01,0.25
356.00,0,0.79,0.00,-7.06,-124.09,0.25
357.00,0,0.81,0.00,-7.05,-124.17,0.25
358.00,0,0.79,0.00,-7.04,-124.25,0.25
359.00,0,0.81,0.00,-7.03,-124.33,0.25
360.00,0,0.79,0.00,-7.02,-124.41,0.25
361.00,0,0.81,0.00,-7.01,-124.48,0.25
362.00,0,0.79,0.00,-7.01,-124.56,0.25
363.00,0,0.81,0.00,-7.00,-124.64,0.25
364.00,0,0.79,0.00,-6.99,-124.72,0.25
365.00,0,0.81,0.00,-6.98,-124.80,0.25
366.00,0,0.79,0.00,-6.98,-124.88,0.25
367.00,0,0.81,0.00,-6.97,-124.96,0.25
368.00,0,0.79,0.00,-6.97,-125.04,0.25
369.00,0,0.81,0.00,-6.96,-125.12,0.25
370.00,0,0.79,0.00,-6.95,-125.19,0.25
371.00,0,0.81,0.00,-6.95,-125.27,0.25
372.00,0,0.79,0.00,-6.94,-125.35,0.25
373.00,0,0.81,0.00,-6.94,-125.43,0.25
374.00,0,0.79,0.00,-6.94,-125.51,0.25
375.00,0,0.81,0.00,-6.93,-125.59,0.25
376.00,0,0.79,0.00,-6.93,-125.67,0.25
377.00,0,0.81,0.00,-6.93,-125.75,0.25
378.00,0,0.79,0.00,-6.92,-125.83,0.25
379.00,0,0.81,0.00,-6.92,-125.91,0.25
380.00,0,0.79,0.00,-6.92,-125.99,0.25
381.00,0,0.81,0.00,-6.92,-126.06,0.25
382.00,0,0.79,0.00,-6.91,-126.14,0.25
383.00,0,0.81,0.00,-6.91,-126.22,0.25
384.00,0,0.79,0.00,-6.91,-126.30,0.25
385.00,0,0.81,0.00,-6.91,-126.38,0.25
386.00,0,0.79,0.00,-6.91,-126.46,0.25
387.00,0,0.81,0.00,-6.91,-126.54,0.25
388.00,0,0.79,0.00,-6.91,-126.62,0.25
389.00,0,0.81,0.00,-6.91,-126.70,0.25
390.00,0,0.79,0.00,-6.91,-126.78,0.25
391.00,0,0.81,0.00,-6.91,-126.86,0.25
392.00,0,0.79,0.00,-6.91,-126.94,0.25
393.00,0,0.81,0.00,-6.91,-127.01,0.25
394.00,0,0.79,0.00,-6.92,-127.09,0.25
395.00,0,0.81,0.00,-6.92,-127.17,0.25
396.00,0,0.79,0.00,-6.92,-127.25,0.25
397.00,0,0.81,0.00,-6.92,-127.33,0.25
398.00,0,0.79,0.00,-6.92,-127.41,0.25
399.00,0,0.81,0.00,-6.93,-127.49,0.25
400.00,0,0.79,0.00,-6.93,-127.57,0.25
401.00,0,0.81,0.00,-6.93,-127.65,0.25
402.00,0,0.79,0.00,-6.94,-127.73,0.25
403.00,0,0.81,0.00,-6.94,-127.81,0.25
404.00,0,0.79,0.00,-6.94,-127.89,0.25
405.00,0,0.81,0.00,-6.95,-127.96,0.25
406.00,0,0.79,0.00,-6.95,-128.04,0.25
407.00,0,0.81,0.00,-6.96,-128.12,0.25
408.00,0,0.79,0.00,-6.96,-128.20,0.25
409.00,0,0.81,0.00,-6.97,-128.28,0.25
410.00,0,0.79,0.00,-6.97,-128.36,0.25
411.00,0,0.81,0.00,-6.98,-128.44,0.25
412.00,0,0.79,0.00,-6.98,-128.52,0.25
413.00,0,0.81,0.00,-6.99,-128.60,0.25
414.00,0,0.79,0.00,-7.00,-128.68,0.25
415.00,0,0.81,0.00,-7.00,-128.75,0.25
416.00,0,0.79,0.00,-7.01,-128.83,0.25
417.00,0,0.81,0.00,-7.02,-128.91,0.25
418.00,0,0.79,0.00,-7.02,-128.99,0.25
419.00,0,0.81,0.00,-7.03,-129.07,0.25
420.00,0,0.79,0.00,-7.04,-129.15,0.25
421.00,0,0.81,0.00,-7.04,-129.23,0.25
422.00,0,0.79,0.00,-7.05,-129.31,0.25
423.00,0,0.81,0.00,-7.06,-129.39,0.25
424.00,0,0.79,0.00,-7.07,-129.47,0.25
425.00,0,0.81,0.00,-7.07,-129.54,0.25
426.00,0,0.79,0.00,-7.08,-129.62,0.25
427.00,0,0.81,0.00,-7.09,-129.70,0.25
428.00,0,0.79,0.00,-7.10,-129.78,0.25
429.00,0,0.81,0.00,-7.11,-129.86,0.25
430.00,0,0.79,0.00,-7.12,-129.94,0.25
431.00,0,0.81,0.00,-7.12,-130.02,0.25
432.00,0,0.79,0.00,-7.13,-130.10,0.25
433.00,0,0.81,0.00,-7.14,-130.17,0.25
434.00,0,0.79,0.00,-7.15,-130.25,0.25
435.00,0,0.81,0.00,-7.16,-130.33,0.25
436.00,0,0.79,0.00,-7.17,-130.41,0.25
437.00,0,0.81,0.00,-7.18,-130.49,0.25
438.00,0,0.79,0.00,-7.19,-130.57,0.25
439.00,0,0.81,0.00,-7.20,-130.65,0.25
440.00,0,0.79,0.00,-7.21,-130.73,0.25
441.00,0,0.81,0.00,-7.22,-130.80,0.25
442.00,0,0.79,0.00,-7.23,-130.88,0.25
443.00,0,0.81,0.00,-7.24,-130.96,0.25
444.00,0,0.79,0.00,-7.25,-131.04,0.25
445.00,0,0.81,0.00,-7.26,-131.12,0.25
446.00,0,0.79,0.00,-7.27,-131.20,0.25
447.00,0,0.81,0.00,-7.28,-131.28,0.25
448.00,0,0.79,0.00,-7.29,-131.35,0.25
449.00,0,0.81,0.00,-7.30,-131.43,0.25
450.00,0,0.79,0.00,-7.31,-131.51,0.25
451.00,0,0.81,0.00,-7.32,-131.59,0.25
452.00,0,0.79,0.00,-7.33,-131.67,0.25
453.00,0,0.81,0.00,-7.35,-131.75,0.25
454.00,0,0.79,0.00,-7.36,-131.83,0.25
455.00,0,0.81,0.00,-7.37,-131.90,0.25
456.00,0,0.79,0.00,-7.38,-131.98,0.25
457.00,0,0.81,0.00,-7.39,-132.06,0.25
458.00,0,0.79,0.00,-7.40,-132.14,0.25
459.00,0,0.81,0.00,-7.41,-132.22,0.25
460.00,0,0.78,0.00,-7.42,-132.30,0.25
461.00,0,0.80,0.00,-7.42,-132.37,0.25
462.00,0,0.79,0.00,-7.42,-132.45,0.25
463.00,0,0.81,0.00,-7.43,-132.53,0.25
464.00,0,0.79,0.00,-7.44,-132.61,0.25
465.00,0,0.81,0.00,-7.44,-132.69,0.25
466.00,0,0.79,0.00,-7.45,-132.77,0.25
467.00,0,0.81,0.00,-7.46,-132.85,0.25
468.00,0,0.79,0.00,-7.46,-132.93,0.25
469.00,0,0.81,0.00,-7.47,-133.01,0.25
470.00,0,0.79,0.00,-7.47,-133.09,0.25
471.00,0,0.81,0.00,-7.48,-133.17,0.25
472.00,0,0.79,0.00,-7.48,-133.24,0.25
473.00,0,0.81,0.00,-7.49,-133.32,0.25
474.00,0,0.79,0.00,-7.49,-133.40,0.25
475.00,0,0.81,0.00,-7.50,-133.48,0.25
476.00,0,0.79,0.00,-7.50,-133.56,0.25
477.00,0,0.81,0.00,-7.50,-133.64,0.25
478.00,0,0.79,0.00,-7.51,-133.72,0.25
479.00,0,0.81,0.00,-7.51,-133.80,0.25
480.00,0,0.79,0.00,-7.52,-133.88,0.25
481.00,0,0.81,0.00,-7.52,-133.96,0.25
482.00,0,0.79,0.00,-7.52,-134.04,0.25
483.00,0,0.81,0.00,-7.53,-134.12,0.25
484.00,0,0.79,0.00,-7.53,-134.19,0.25
485.00,0,0.81,0.00,-7.53,-134.27,0.25
486.00,0,0.79,0.00,-7.53,-134.35,0.25
487.00,0,0.81,0.00,-7.54,-134.43,0.25
488.00,0,0.79,0.00,-7.54,-134.51,0.25
489.00,0,0.81,0.00,-7.54,-134.59,0.25
490.00,0,0.79,0.00,-7.54,-134.67,0.25
491.00,0,0.81,0.00,-7.55,-134.75,0.25
492.00,0,0.79,0.00,-7.55,-134.83,0.25
493.00,0,0.81,0.00,-7.55,-134.91,0.25
494.00,0,0.79,0.00,-7.55,-134.99,0.25
495.00,0,0.81,0.00,-7.55,-135.07,0.25
496.00,0,0.79,0.00,-7.55,-135.15,0.25
497.00,0,0.81,0.00,-7.55,-135.23,0.25
498.00,0,0.79,0.00,-7.55,-135.30,0.25
499.00,0,0.81,0.00,-7.56,-135.38,0.25
500.00,0,0.79,0.00,-7.56,-135.46,0.25
501.00,0,0.81,0.00,-7.56,-135.54,0.25
502.00,0,0.79,0.00,-7.56,-135.62,0.25
503.00,0,0.81,0.00,-7.56,-135.70,0.25
504.00,0,0.79,0.00,-7.56,-135.78,0.25
505.00,0,0.81,0.00,-7.56,-135.86,0.25
506.00,0,0.79,0.00,-7.55,-135.94,0.25
507.00,0,0.81,0.00,-7.55,-136.02,0.25
508.00,0,0.79,0.00,-7.55,-136.10,0.25
509.00,0,0.81,0.00,-7.55,-136.18,0.25
510.00,0,0.79,0.00,-7.55,-136.26,0.25
511.00,0,0.81,0.00,-7.55,-136.34,0.25
512.00,0,0.79,0.00,-7.55,-136.41,0.25
513.00,0,0.81,0.00,-7.55,-136.49,0.25
514.00,0,0.79,0.00,-7.55,-136.57,0.25
515.00,0,0.81,0.00,-7.54,-136.65,0.25
516.00,0,0.79,0.00,-7.54,-136.73,0.25
517.00,0,0.81,0.00,-7.54,-136.81,0.25
518.00,0,0.79,0.00,-7.54,-136.89,0.25
519.00,0,0.81,0.00,-7.53,-136.97,0.25
520.00,0,0.79,0.00,-7.53,-137.05,0.25
521.00,0,0.81,0.00,-7.53,-137.13,0.25
522.00,0,0.79,0.00,-7.53,-137.21,0.25
523.00,0,0.81,0.00,-7.52,-137.29,0.25
524.00,0,0.79,0.00,-7.52,-137.37,0.25
525.00,0,0.81,0.00,-7.52,-137.44,0.25
526.00,0,0.79,0.00,-7.51,-137.52,0.25
527.00,0,0.81,0.00,-7.51,-137.60,0.25
528.00,0,0.79,0.00,-7.51,-137.68,0.25
529.00,0,0.81,0.00,-7.50,-137.76,0.25
530.00,0,0.79,0.00,-7.50,-137.84,0.25
531.00,0,0.81,0.00,-7.50,-137.92,0.25
532.00,0,0.79,0.00,-7.49,-138.00,0.25
533.00,0,0.81,0.00,-7.49,-138.08,0.25
534.00,0,0.79,0.00,-7.48,-138.16,0.25
535.00,0,0.81,0.00,-7.48,-138.24,0.25
536.00,0,0.79,0.00,-7.47,-138.32,0.25
537.00,0,0.81,0.00,-7.47,-138.40,0.25
538.00,0,0.79,0.00,-7.46,-138.47,0.25
539.00,0,0.81,0.00,-7.46,-138.55,0.25
540.00,0,0.79,0.00,-7.45,-138.63,0.25
541.00,0,0.81,0.00,-7.45,-138.71,0.25
542.00,0,0.79,0.00,-7.44,-138.79,0.25
543.00,0,0.81,0.00,-7.44,-138.87,0.25
544.00,0,0.79,0.00,-7.43,-138.95,0.25
545.00,0,0.81,0.00,-7.43,-139.03,0.25
546.00,0,0.79,0.00,-7.42,-139.11,0.25
547.00,0,0.81,0.00,-7.41,-139.19,0.25
548.00,0,0.79,0.00,-7.41,-139.27,0.25
549.00,0,0.81,0.00,-7.41,-139.34,0.25
550.00,0,0.78,0.00,-7.41,-139.42,0.25
551.00,0,0.80,0.00,-7.41,-139.50,0.25
552.00,0,0.79,0.00,-7.41,-139.58,0.25
553.00,0,0.79,0.00,-7.40,-139.66,0.25
554.00,0,0.77,0.00,-7.39,-139.73,0.25
555.00,0,0.81,0.00,-7.39,-139.81,0.25
556.00,0,0.79,0.00,-7.39,-139.89,0.25
557.00,0,0.81,0.00,-7.38,-139.97,0.25
558.00,0,0.79,0.00,-7.38,-140.05,0.25
559.00,0,0.81,0.00,-7.38,-140.13,0.25
560.00,0,0.79,0.00,-7.38,-140.21,0.25
561.00,0,0.81,0.00,-7.38,-140.29,0.25
562.00,0,0.79,0.00,-7.38,-140.37,0.25
563.00,0,0.81,0.00,-7.38,-140.45,0.25
564.00,0,0.79,0.00,-7.38,-140.53,0.25
565.00,0,0.81,0.00,-7.38,-140.61,0.25
566.00,0,0.79,0.00,-7.38,-140.69,0.25
567.00,0,0.81,0.00,-7.38,-140.77,0.25
568.00,0,0.79,0.00,-7.38,-140.85,0.25
569.00,0,0.81,0.00,-7.38,-140.93,0.25
570.00,0,0.79,0.00,-7.38,-141.00,0.25
571.00,0,0.81,0.00,-7.38,-141.08,0.25
572.00,0,0.79,0.00,-7.38,-141.16,0.25
573.00,0,0.81,0.00,-7.38,-141.24,0.25
574.00,0,0.79,0.00,-7.38,-141.32,0.25
575.00,0,0.81,0.00,-7.38,-141.40,0.25
576.00,0,0.79,0.00,-7.39,-141.48,0.25
577.00,0,0.81,0.00,-7.39,-141.56,0.25
578.00,0,0.79,0.00,-7.39,-141.64,0.25
579.00,0,0.81,0.00,-7.39,-141.72,0.25
580.00,0,0.79,0.00,-7.39,-141.80,0.25
581.00,0,0.81,0.00,-7.39,-141.88,0.25
582.00,0,0.79,0.00,-7.40,-141.96,0.25
583.00,0,0.81,0.00,-7.40,-142.03,0.25
584.00,0,0.79,0.00,-7.40,-142.11,0.25
585.00,0,0.81,0.00,-7.40,-142.19,0.25
586.00,0,0.79,0.00,-7.41,-142.27,0.25
587.00,0,0.81,0.00,-7.41,-142.35,0.25
588.00,0,0.79,0.00,-7.41,-142.43,0.25
589.00,0,0.81,0.00,-7.42,-142.51,0.25
590.00,0,0.79,0.00,-7.42,-142.59,0.25
591.00,0,0.81,0.00,-7.42,-142.67,0.25
592.00,0,0.78,0.00,-7.41,-142.75,0.25
593.00,0,0.80,0.00,-7.41,-142.82,0.25
594.00,0,0.78,0.00,-7.42,-142.90,0.25
595.00,0,0.80,0.00,-7.42,-142.98,0.25
596.00,0,0.79,0.00,-7.42,-143.06,0.25
597.00,0,0.79,0.00,-7.42,-143.14,0.25
598.00,0,0.78,0.00,-7.41,-143.21,0.25
599.00,0,0.79,0.00,-7.42,-143.29,0.25
600.00,0,0.78,0.00,-7.42,-143.37,0.25
601.00,0,0.77,0.00,-7.42,-143.45,0.25
602.00,0,0.81,0.00,-7.41,-143.52,0.25
603.00,0,0.79,0.00,-7.41,-143.60,0.25
604.00,0,0.80,0.00,-7.42,-143.68,0.25
605.00,0,0.78,0.00,-7.43,-143.76,0.25
606.00,0,0.76,0.00,-7.42,-143.84,0.25
607.00,0,0.80,0.00,-7.42,-143.91,0.25
608.00,0,0.80,0.00,-7.42,-143.99,0.25
609.00,0,0.80,0.00,-7.42,-144.07,0.25
610.00,0,0.78,0.00,-7.43,-144.15,0.25
611.00,0,0.77,0.00,-7.42,-144.23,0.25
612.00,0,0.79,0.00,-7.42,-144.31,0.25
613.00,0,0.80,0.00,-7.42,-144.38,0.25
614.00,0,0.81,0.00,-7.43,-144.46,0.25
615.00,0,0.78,0.00,-7.43,-144.54,0.25
616.00,0,0.79,0.00,-7.43,-144.62,0.25
617.00,0,0.82,0.00,-7.43,-144.70,0.25
618.00,0,0.80,0.00,-7.43,-144.78,0.25
619.00,0,0.81,0.00,-7.43,-144.86,0.25
620.00,0,0.79,0.00,-7.42,-144.94,0.25
621.00,0,0.81,0.00,-7.42,-145.02,0.25
622.00,0,0.80,0.00,-7.42,-145.10,0.25
623.00,0,0.81,0.00,-7.42,-145.18,0.25
624.00,0,0.78,0.00,-7.43,-145.26,0.25
625.00,0,0.80,0.00,-7.43,-145.34,0.25
626.00,0,0.78,0.00,-7.43,-145.41,0.25
627.00,0,0.80,0.00,-7.42,-145.49,0.25
628.00,0,0.79,0.00,-7.42,-145.57,0.25
629.00,0,0.79,0.00,-7.43,-145.65,0.25
630.00,0,0.77,0.00,-7.44,-145.73,0.25
631.00,0,0.81,0.00,-7.43,-145.80,0.25
632.00,0,0.79,0.00,-7.43,-145.88,0.25
633.00,0,0.81,0.00,-7.43,-145.96,0.25
634.00,0,0.79,0.00,-7.43,-146.04,0.25
635.00,0,0.81,0.00,-7.43,-146.12,0.25
636.00,0,0.80,0.00,-7.42,-146.20,0.25
637.00,0,0.81,0.00,-7.42,-146.28,0.25
638.00,0,0.78,0.00,-7.43,-146.36,0.25
639.00,0,0.80,0.00,-7.44,-146.44,0.25
640.00,0,0.79,0.00,-7.43,-146.52,0.25
641.00,0,0.81,0.00,-7.43,-146.60,0.25
642.00,0,0.79,0.00,-7.43,-146.67,0.25
643.00,0,0.81,0.00,-7.43,-146.75,0.25
644.00,0,0.79,0.00,-7.43,-146.83,0.25
645.00,0,0.81,0.00,-7.42,-146.91,0.25
646.00,0,0.79,0.00,-7.42,-146.99,0.25
647.00,0,0.80,0.00,-7.43,-147.07,0.25
648.00,0,0.78,0.00,-7.44,-147.15,0.25
649.00,0,0.79,0.00,-7.43,-147.23,0.25
650.00,0,0.78,0.00,-7.42,-147.30,0.25
651.00,0,0.78,0.00,-7.43,-147.38,0.25
652.00,0,0.80,0.00,-7.43,-147.46,0.25
653.00,0,0.78,0.00,-7.44,-147.54,0.25
654.00,0,0.76,0.00,-7.43,-147.61,0.25
655.00,0,0.76,0.00,-7.43,-147.69,0.25
656.00,0,0.82,0.00,-7.43,-147.77,0.25
657.00,0,0.80,0.00,-7.43,-147.85,0.25
658.00,0,0.80,0.00,-7.44,-147.93,0.25
659.00,0,0.76,0.00,-7.43,-148.00,0.25
660.00,0,0.81,0.00,-7.43,-148.08,0.25
661.00,0,0.80,0.00,-7.43,-148.16,0.25
662.00,0,0.80,0.00,-7.43,-148.24,0.25
663.00,0,0.77,0.00,-7.44,-148.32,0.25
664.00,0,0.77,0.00,-7.43,-148.39,0.25
665.00,0,0.81,0.00,-7.43,-148.47,0.25
666.00,0,0.80,0.00,-7.43,-148.55,0.25
667.00,0,0.78,0.00,-7.43,-148.63,0.25
668.00,0,0.80,0.00,-7.44,-148.71,0.25
669.00,0,0.79,0.00,-7.43,-148.79,0.25
670.00,0,0.81,0.00,-7.43,-148.87,0.25
671.00,0,0.79,0.00,-7.43,-148.95,0.25
672.00,0,0.80,0.00,-7.44,-149.02,0.25
673.00,0,0.78,0.00,-7.44,-149.10,0.25
674.00,0,0.79,0.00,-7.43,-149.18,0.25
675.00,0,0.79,0.00,-7.43,-149.26,0.25
676.00,0,0.81,0.00,-7.43,-149.34,0.25
677.00,0,0.78,0.00,-7.44,-149.42,0.25
678.00,0,0.80,0.00,-7.44,-149.49,0.25
679.00,0,0.78,0.00,-7.44,-149.57,0.25
680.00,0,0.80,0.00,-7.43,-149.65,0.25
681.00,0,0.79,0.00,-7.43,-149.73,0.25
682.00,0,0.80,0.00,-7.44,-149.81,0.25
683.00,0,0.78,0.00,-7.44,-149.88,0.25
684.00,0,0.79,0.00,-7.44,-149.96,0.25
685.00,0,0.79,0.00,-7.43,-150.04,0.25
686.00,0,0.78,0.00,-7.43,-150.12,0.25
687.00,0,0.80,0.00,-7.44,-150.20,0.25
688.00,0,0.78,0.00,-7.44,-150.28,0.25
689.00,0,0.79,0.00,-7.44,-150.35,0.25
690.00,0,0.78,0.00,-7.43,-150.43,0.25
691.00,0,0.77,0.00,-7.43,-150.51,0.25
692.00,0,0.79,0.00,-7.44,-150.58,0.25
693.00,0,0.78,0.00,-7.44,-150.66,0.25
694.00,0,0.77,0.00,-7.44,-150.74,0.25
695.00,0,0.76,0.00,-7.43,-150.81,0.25
696.00,0,0.77,0.00,-7.43,-150.89,0.25
697.00,0,0.74,0.00,-7.44,-150.97,0.25
698.00,0,0.80,0.00,-7.44,-151.04,0.25
699.00,0,0.83,0.00,-7.44,-151.12,0.25
700.00,0,0.81,0.00,-7.43,-151.21,0.25
701.00,0,0.80,0.00,-7.43,-151.29,0.25
702.00,0,0.79,0.00,-7.44,-151.37,0.25
703.00,0,0.77,0.00,-7.44,-151.44,0.25
704.00,0,0.77,0.00,-7.44,-151.52,0.25
705.00,0,0.77,0.00,-7.43,-151.60,0.25
706.00,0,0.75,0.00,-7.43,-151.67,0.25
707.00,0,0.74,0.00,-7.44,-151.75,0.25
708.00,0,0.75,0.00,-7.44,-151.82,0.25
709.00,0,0.80,0.00,-7.44,-151.90,0.25
710.00,0,0.84,0.00,-7.43,-151.98,0.25
711.00,0,0.84,0.00,-7.43,-152.07,0.25
712.00,0,0.84,0.00,-7.44,-152.15,0.25
713.00,0,0.83,0.00,-7.45,-152.23,0.25
714.00,0,0.81,0.00,-7.44,-152.31,0.25
715.00,0,0.79,0.00,-7.43,-152.39,0.25
716.00,0,0.78,0.00,-7.43,-152.47,0.25
717.00,0,0.75,0.00,-7.44,-152.55,0.25
718.00,0,0.74,0.00,-7.45,-152.62,0.25
719.00,0,0.78,0.00,-7.44,-152.70,0.25
720.00,0,0.81,0.00,-7.43,-152.78,0.25
721.00,0,0.79,0.00,-7.43,-152.85,0.25
722.00,0,0.77,0.00,-7.44,-152.93,0.25
723.00,0,0.76,0.00,-7.45,-153.01,0.25
724.00,0,0.73,0.00,-7.44,-153.08,0.25
725.00,0,0.77,0.00,-7.44,-153.16,0.25
726.00,0,0.76,0.00,-7.44,-153.23,0.25
727.00,0,0.75,0.00,-7.45,-153.31,0.25
728.00,0,0.78,0.00,-7.44,-153.39,0.25
729.00,0,0.81,0.00,-7.43,-153.47,0.25
730.00,0,0.82,0.00,-7.44,-153.55,0.25
731.00,0,0.81,0.00,-7.44,-153.63,0.25
732.00,0,0.80,0.00,-7.45,-153.71,0.25
733.00,0,0.78,0.00,-7.44,-153.79,0.25
734.00,0,0.78,0.00,-7.44,-153.86,0.25
735.00,0,0.84,0.00,-7.44,-153.95,0.25
736.00,0,0.81,0.00,-7.44,-154.03,0.25
737.00,0,0.81,0.00,-7.45,-154.11,0.25
738.00,0,0.77,0.00,-7.44,-154.18,0.25
739.00,0,0.78,0.00,-7.44,-154.26,0.25
740.00,0,0.81,0.00,-7.44,-154.34,0.25
741.00,0,0.79,0.00,-7.44,-154.42,0.25
742.00,0,0.80,0.00,-7.45,-154.50,0.25
743.00,0,0.78,0.00,-7.44,-154.57,0.25
744.00,0,0.80,0.00,-7.44,-154.65,0.25
745.00,0,0.79,0.00,-7.44,-154.73,0.25
746.00,0,0.79,0.00,-7.45,-154.81,0.25
747.00,0,0.78,0.00,-7.45,-154.89,0.25
748.00,0,0.80,0.00,-7.44,-154.96,0.25
749.00,0,0.78,0.00,-7.44,-155.04,0.25
750.00,0,0.78,0.00,-7.44,-155.12,0.25
751.00,0,0.80,0.00,-7.45,-155.20,0.25
752.00,0,0.78,0.00,-7.45,-155.28,0.25
753.00,0,0.77,0.00,-7.45,-155.35,0.25
754.00,0,0.80,0.00,-7.44,-155.43,0.25
755.00,0,0.80,0.00,-7.44,-155.51,0.25
756.00,0,0.81,0.00,-7.45,-155.59,0.25
757.00,0,0.79,0.00,-7.45,-155.67,0.25
758.00,0,0.76,0.00,-7.45,-155.75,0.25
759.00,0,0.77,0.00,-7.44,-155.82,0.25
760.00,0,0.77,0.00,-7.44,-155.90,0.25
761.00,0,0.78,0.00,-7.45,-155.98,0.25
762.00,0,0.76,0.00,-7.45,-156.05,0.25
763.00,0,0.74,0.00,-7.45,-156.13,0.25
764.00,0,0.79,0.00,-7.44,-156.20,0.25
765.00,0,0.79,0.00,-7.44,-156.28,0.25
766.00,0,0.78,0.00,-7.45,-156.36,0.25
767.00,0,0.77,0.00,-7.46,-156.44,0.25
768.00,0,0.76,0.00,-7.45,-156.51,0.25
769.00,0,0.78,0.00,-7.44,-156.59,0.25
770.00,0,0.77,0.00,-7.45,-156.67,0.25
771.00,0,0.78,0.00,-7.45,-156.74,0.25
772.00,0,0.77,0.00,-7.46,-156.82,0.25
773.00,0,0.77,0.00,-7.45,-156.90,0.25
774.00,0,0.84,0.00,-7.45,-156.98,0.25
775.00,0,0.81,0.00,-7.45,-157.06,0.25
776.00,0,0.82,0.00,-7.45,-157.14,0.25
777.00,0,0.79,0.00,-7.46,-157.22,0.25
778.00,0,0.78,0.00,-7.45,-157.30,0.25
779.00,0,0.79,0.00,-7.45,-157.38,0.25
780.00,0,0.80,0.00,-7.45,-157.46,0.25
781.00,0,0.77,0.00,-7.46,-157.54,0.25
782.00,0,0.77,0.00,-7.46,-157.61,0.25
783.00,0,0.81,0.00,-7.46,-157.69,0.25
784.00,0,0.80,0.00,-7.45,-157.77,0.25
785.00,0,0.78,0.00,-7.45,-157.85,0.25
786.00,0,0.79,0.00,-7.46,-157.93,0.25
787.00,0,0.79,0.00,-7.46,-158.01,0.25
788.00,0,0.78,0.00,-7.46,-158.09,0.25
789.00,0,0.78,0.00,-7.45,-158.17,0.25
790.00,0,0.80,0.00,-7.45,-158.25,0.25
791.00,0,0.78,0.00,-7.46,-158.33,0.25
792.00,0,0.77,0.00,-7.46,-158.40,0.25
793.00,0,0.77,0.00,-7.46,-158.48,0.25
794.00,0,0.77,0.00,-7.46,-158.56,0.25
795.00,0,0.77,0.00,-7.46,-158.64,0.25
796.00,0,0.78,0.00,-7.46,-158.71,0.25
797.00,0,0.78,0.00,-7.45,-158.79,0.25
798.00,0,0.78,0.00,-7.45,-158.87,0.25
799.00,0,0.78,0.00,-7.45,-158.95,0.25
800.00,0,0.77,0.00,-7.46,-159.03,0.25
801.00,0,0.82,0.00,-7.46,-159.10,0.25
802.00,0,0.80,0.00,-7.46,-159.18,0.25
803.00,0,0.80,0.00,-7.46,-159.26,0.25
804.00,0,0.79,0.00,-7.46,-159.34,0.25
805.00,0,0.79,0.00,-7.46,-159.42,0.25
806.00,0,0.78,0.00,-7.45,-159.50,0.25
807.00,0,0.75,0.00,-7.45,-159.58,0.25
808.00,0,0.79,0.00,-7.45,-159.66,0.25
809.00,0,0.77,0.00,-7.46,-159.73,0.25
810.00,0,0.76,0.00,-7.46,-159.81,0.25
811.00,0,0.74,0.00,-7.46,-159.89,0.25
812.00,0,0.77,0.00,-7.45,-159.96,0.25
813.00,0,0.78,0.00,-7.45,-160.04,0.25
814.00,0,0.79,0.00,-7.46,-160.12,0.25
815.00,0,0.79,0.00,-7.47,-160.20,0.25
816.00,0,0.79,0.00,-7.46,-160.27,0.25
817.00,0,0.80,0.00,-7.45,-160.35,0.25
818.00,0,0.79,0.00,-7.45,-160.43,0.25
819.00,0,0.77,0.00,-7.46,-160.51,0.25
820.00,0,0.80,0.00,-7.47,-160.59,0.25
821.00,0,0.78,0.00,-7.46,-160.66,0.25
822.00,0,0.77,0.00,-7.45,-160.74,0.25
823.00,0,0.77,0.00,-7.46,-160.82,0.25
824.00,0,0.78,0.00,-7.46,-160.89,0.25
825.00,0,0.82,0.00,-7.47,-160.97,0.25
826.00,0,0.80,0.00,-7.46,-161.05,0.25
827.00,0,0.81,0.00,-7.46,-161.13,0.25
828.00,0,0.83,0.00,-7.46,-161.22,0.25
829.00,0,0.82,0.00,-7.46,-161.30,0.25
830.00,0,0.79,0.00,-7.47,-161.38,0.25
831.00,0,0.78,0.00,-7.46,-161.45,0.25
832.00,0,0.77,0.00,-7.46,-161.53,0.25
833.00,0,0.80,0.00,-7.46,-161.61,0.25
834.00,0,0.79,0.00,-7.46,-161.69,0.25
835.00,0,0.80,0.00,-7.47,-161.77,0.25
836.00,0,0.77,0.00,-7.46,-161.84,0.25
837.00,0,0.80,0.00,-7.46,-161.92,0.25
838.00,0,0.79,0.00,-7.46,-162.00,0.25
839.00,0,0.79,0.00,-7.46,-162.08,0.25
840.00,0,0.78,0.00,-7.47,-162.16,0.25
841.00,0,0.80,0.00,-7.46,-162.23,0.25
842.00,0,0.79,0.00,-7.46,-162.31,0.25
843.00,0,0.80,0.00,-7.46,-162.39,0.25
844.00,0,0.78,0.00,-7.47,-162.47,0.25
845.00,0,0.80,0.00,-7.47,-162.55,0.25
846.00,0,0.78,0.00,-7.46,-162.62,0.25
847.00,0,0.81,0.00,-7.46,-162.70,0.25
848.00,0,0.79,0.00,-7.46,-162.78,0.25
849.00,0,0.80,0.00,-7.47,-162.86,0.25
850.00,0,0.78,0.00,-7.47,-162.94,0.25
851.00,0,0.79,0.00,-7.46,-163.02,0.25
852.00,0,0.79,0.00,-7.46,-163.09,0.25
853.00,0,0.81,0.00,-7.46,-163.17,0.25
854.00,0,0.78,0.00,-7.47,-163.25,0.25
855.00,0,0.80,0.00,-7.47,-163.33,0.25
856.00,0,0.79,0.00,-7.47,-163.41,0.25
857.00,0,0.81,0.00,-7.47,-163.49,0.25
858.00,0,0.79,0.00,-7.47,-163.57,0.25
859.00,0,0.81,0.00,-7.46,-163.65,0.25
860.00,0,0.79,0.00,-7.46,-163.73,0.25
861.00,0,0.81,0.00,-7.46,-163.81,0.25
862.00,0,0.79,0.00,-7.46,-163.89,0.25
863.00,0,0.80,0.00,-7.47,-163.96,0.25
864.00,0,0.78,0.00,-7.47,-164.04,0.25
865.00,0,0.79,0.00,-7.46,-164.12,0.25
866.00,0,0.78,0.00,-7.46,-164.20,0.25
867.00,0,0.80,0.00,-7.46,-164.28,0.25
868.00,0,0.78,0.00,-7.47,-164.35,0.25
869.00,0,0.80,0.00,-7.47,-164.43,0.25
870.00,0,0.78,0.00,-7.46,-164.51,0.25
871.00,0,0.80,0.00,-7.46,-164.59,0.25
872.00,0,0.79,0.00,-7.46,-164.67,0.25
873.00,0,0.80,0.00,-7.47,-164.75,0.25
874.00,0,0.78,0.00,-7.47,-164.82,0.25
875.00,0,0.79,0.00,-7.46,-164.90,0.25
876.00,0,0.79,0.00,-7.46,-164.98,0.25
877.00,0,0.78,0.00,-7.46,-165.06,0.25
878.00,0,0.77,0.00,-7.47,-165.13,0.25
879.00,0,0.77,0.00,-7.47,-165.21,0.25
880.00,0,0.82,0.00,-7.47,-165.29,0.25
881.00,0,0.80,0.00,-7.47,-165.37,0.25
882.00,0,0.82,0.00,-7.46,-165.45,0.25
883.00,0,0.80,0.00,-7.46,-165.53,0.25
884.00,0,0.82,0.00,-7.46,-165.61,0.25
885.00,0,0.80,0.00,-7.46,-165.69,0.25
886.00,0,0.80,0.00,-7.47,-165.77,0.25
887.00,0,0.78,0.00,-7.47,-165.85,0.25
888.00,0,0.78,0.00,-7.47,-165.93,0.25
889.00,0,0.76,0.00,-7.47,-166.00,0.25
890.00,0,0.79,0.00,-7.46,-166.08,0.25
891.00,0,0.78,0.00,-7.46,-166.16,0.25
892.00,0,0.74,0.00,-7.46,-166.24,0.25
893.00,0,0.78,0.00,-7.46,-166.31,0.25
894.00,0,0.77,0.00,-7.46,-166.39,0.25
895.00,0,0.78,0.00,-7.46,-166.47,0.25
896.00,0,0.78,0.00,-7.47,-166.55,0.25
897.00,0,0.80,0.00,-7.46,-166.63,0.25
898.00,0,0.80,0.00,-7.46,-166.71,0.25
899.00,0,0.80,0.00,-7.46,-166.79,0.25
900.00,0,0.79,0.00,-7.46,-166.87,0.25
901.00,0,0.79,0.00,-7.47,-166.95,0.25
902.00,0,0.77,0.00,-7.46,-167.02,0.25
903.00,0,0.78,0.00,-7.46,-167.10,0.25
904.00,0,0.82,0.00,-7.46,-167.18,0.25
905.00,0,0.80,0.00,-7.46,-167.26,0.25
906.00,0,0.80,0.00,-7.47,-167.34,0.25
907.00,0,0.78,0.00,-7.46,-167.42,0.25
908.00,0,0.79,0.00,-7.46,-167.50,0.25
909.00,0,0.79,0.00,-7.46,-167.58,0.25
910.00,0,0.81,0.00,-7.46,-167.66,0.25
911.00,0,0.79,0.00,-7.47,-167.74,0.25
912.00,0,0.77,0.00,-7.46,-167.82,0.25
913.00,0,0.77,0.00,-7.46,-167.90,0.25
914.00,0,0.81,0.00,-7.46,-167.97,0.25
915.00,0,0.79,0.00,-7.47,-168.05,0.25
916.00,0,0.78,0.00,-7.47,-168.13,0.25
917.00,0,0.79,0.00,-7.46,-168.21,0.25
918.00,0,0.80,0.00,-7.46,-168.29,0.25
919.00,0,0.78,0.00,-7.46,-168.37,0.25
920.00,0,0.81,0.00,-7.47,-168.45,0.25
921.00,0,0.78,0.00,-7.47,-168.53,0.25
922.00,0,0.78,0.00,-7.47,-168.61,0.25
923.00,0,0.81,0.00,-7.47,-168.69,0.25
924.00,0,0.79,0.00,-7.46,-168.77,0.25
925.00,0,0.82,0.00,-7.46,-168.85,0.25
926.00,0,0.79,0.00,-7.46,-168.93,0.25
927.00,0,0.81,0.00,-7.46,-169.01,0.25
928.00,0,0.79,0.00,-7.46,-169.09,0.25
929.00,0,0.80,0.00,-7.46,-169.17,0.25
930.00,0,0.78,0.00,-7.47,-169.25,0.25
931.00,0,0.77,0.00,-7.46,-169.33,0.25
932.00,0,0.77,0.00,-7.46,-169.41,0.25
933.00,0,0.81,0.00,-7.46,-169.49,0.25
934.00,0,0.78,0.00,-7.46,-169.57,0.25
935.00,0,0.79,0.00,-7.47,-169.65,0.25
936.00,0,0.76,0.00,-7.46,-169.72,0.25
937.00,0,0.81,0.00,-7.46,-169.80,0.25
938.00,0,0.79,0.00,-7.46,-169.88,0.25
939.00,0,0.80,0.00,-7.46,-169.96,0.25
940.00,0,0.78,0.00,-7.47,-170.04,0.25
941.00,0,0.77,0.00,-7.46,-170.12,0.25
942.00,0,0.78,0.00,-7.46,-170.20,0.25
943.00,0,0.82,0.00,-7.46,-170.28,0.25
944.00,0,0.79,0.00,-7.46,-170.36,0.25
945.00,0,0.78,0.00,-7.47,-170.44,0.25
946.00,0,0.79,0.00,-7.46,-170.51,0.25
947.00,0,0.78,0.00,-7.46,-170.59,0.25
948.00,0,0.77,0.00,-7.46,-170.67,0.25
949.00,0,0.82,0.00,-7.46,-170.75,0.25
950.00,0,0.80,0.00,-7.47,-170.83,0.25
951.00,0,0.76,0.00,-7.46,-170.91,0.25
952.00,0,0.78,0.00,-7.46,-170.99,0.25
953.00,0,0.78,0.00,-7.46,-171.06,0.25
954.00,0,0.79,0.00,-7.46,-171.14,0.25
955.00,0,0.78,0.00,-7.47,-171.22,0.25
956.00,0,0.75,0.00,-7.46,-171.30,0.25
957.00,0,0.78,0.00,-7.46,-171.37,0.25
958.00,0,0.79,0.00,-7.46,-171.45,0.25
959.00,0,0.77,0.00,-7.46,-171.53,0.25
960.00,0,0.77,0.00,-7.47,-171.61,0.25
961.00,0,0.80,0.00,-7.47,-171.69,0.25
962.00,0,0.80,0.00,-7.47,-171.77,0.25
963.00,0,0.83,0.00,-7.46,-171.85,0.25
964.00,0,0.81,0.00,-7.46,-171.93,0.25
965.00,0,0.81,0.00,-7.46,-172.01,0.25
966.00,0,0.79,0.00,-7.46,-172.09,0.25
967.00,0,0.82,0.00,-7.46,-172.18,0.25
968.00,0,0.79,0.00,-7.46,-172.26,0.25
969.00,0,0.78,0.00,-7.47,-172.33,0.25
970.00,0,0.78,0.00,-7.46,-172.41,0.25
971.00,0,0.79,0.00,-7.46,-172.49,0.25
972.00,0,0.78,0.00,-7.46,-172.57,0.25
973.00,0,0.76,0.00,-7.46,-172.65,0.25
974.00,0,0.75,0.00,-7.47,-172.72,0.25
975.00,0,0.80,0.00,-7.46,-172.80,0.25
976.00,0,0.80,0.00,-7.45,-172.88,0.25
977.00,0,0.78,0.00,-7.45,-172.96,0.25
978.00,0,0.80,0.00,-7.46,-173.04,0.25
979.00,0,0.78,0.00,-7.47,-173.12,0.25
980.00,0,0.80,0.00,-7.46,-173.20,0.25
981.00,0,0.79,0.00,-7.45,-173.28,0.25
982.00,0,0.78,0.00,-7.45,-173.36,0.25
983.00,0,0.77,0.00,-7.46,-173.43,0.25
984.00,0,0.79,0.00,-7.46,-173.51,0.25
985.00,0,0.79,0.00,-7.46,-173.59,0.25
986.00,0,0.79,0.00,-7.45,-173.67,0.25
987.00,0,0.80,0.00,-7.45,-173.75,0.25
988.00,0,0.79,0.00,-7.46,-173.83,0.25
989.00,0,0.79,0.00,-7.46,-173.91,0.25
990.00,0,0.79,0.00,-7.46,-173.99,0.25
991.00,0,0.78,0.00,-7.45,-174.07,0.25
992.00,0,0.82,0.00,-7.45,-174.15,0.25
993.00,0,0.79,0.00,-7.46,-174.23,0.25
994.00,0,0.78,0.00,-7.46,-174.30,0.25
995.00,0,0.79,0.00,-7.46,-174.38,0.25
996.00,0,0.78,0.00,-7.45,-174.46,0.25
997.00,0,0.80,0.00,-7.45,-174.54,0.25
998.00,0,0.78,0.00,-7.46,-174.62,0.25
999.00,0,0.79,0.00,-7.46,-174.70,0.25
1000.00,0,0.79,0.00,-7.46,-174.78,0.25
1001.00,0,0.78,0.00,-7.45,-174.86,0.25
1002.00,0,0.81,0.00,-7.45,-174.93,0.25
1003.00,0,0.78,0.00,-7.46,-175.01,0.25
1004.00,0,0.78,0.00,-7.46,-175.09,0.25
1005.00,0,0.79,0.00,-7.46,-175.17,0.25
1006.00,0,0.80,0.00,-7.45,-175.25,0.25
1007.00,0,0.78,0.00,-7.46,-175.33,0.25
1008.00,0,0.78,0.00,-7.46,-175.41,0.25
1009.00,0,0.81,0.00,-7.46,-175.48,0.25
1010.00,0,0.79,0.00,-7.45,-175.56,0.25
1011.00,0,0.78,0.00,-7.46,-175.64,0.25
1012.00,0,0.78,0.00,-7.46,-175.72,0.25
1013.00,0,0.77,0.00,-7.46,-175.80,0.25
1014.00,0,0.79,0.00,-7.45,-175.87,0.25
1015.00,0,0.76,0.00,-7.46,-175.95,0.25
1016.00,0,0.77,0.00,-7.46,-176.03,0.25
1017.00,0,0.76,0.00,-7.46,-176.10,0.25
1018.00,0,0.78,0.00,-7.45,-176.18,0.25
1019.00,0,0.75,0.00,-7.46,-176.26,0.25
1020.00,0,0.78,0.00,-7.46,-176.33,0.25
1021.00,0,0.81,0.00,-7.46,-176.41,0.25
1022.00,0,0.78,0.00,-7.45,-176.49,0.25
1023.00,0,0.76,0.00,-7.45,-176.57,0.25
1024.00,0,0.74,0.00,-7.46,-176.65,0.25
1025.00,0,0.76,0.00,-7.46,-176.72,0.25
1026.00,0,0.78,0.00,-7.46,-176.80,0.25
1027.00,0,0.77,0.00,-7.45,-176.88,0.25
1028.00,0,0.77,0.00,-7.45,-176.95,0.25
1029.00,0,0.77,0.00,-7.46,-177.03,0.25
1030.00,0,0.77,0.00,-7.46,-177.11,0.25
1031.00,0,0.78,0.00,-7.46,-177.19,0.25
1032.00,0,0.80,0.00,-7.45,-177.26,0.25
1033.00,0,0.81,0.00,-7.45,-177.34,0.25
1034.00,0,0.79,0.00,-7.45,-177.42,0.25
1035.00,0,0.78,0.00,-7.46,-177.50,0.25
1036.00,0,0.77,0.00,-7.46,-177.58,0.25
1037.00,0,0.80,0.00,-7.45,-177.66,0.25
1038.00,0,0.78,0.00,-7.45,-177.74,0.25
1039.00,0,0.76,0.00,-7.45,-177.81,0.25
1040.00,0,0.78,0.00,-7.46,-177.89,0.25
1041.00,0,0.77,0.00,-7.46,-177.97,0.25
1042.00,0,0.80,0.00,-7.45,-178.04,0.25
1043.00,0,0.81,0.00,-7.45,-178.12,0.25
1044.00,0,0.79,0.00,-7.45,-178.20,0.25
1045.00,0,0.79,0.00,-7.46,-178.28,0.25
1046.00,0,0.82,0.00,-7.46,-178.36,0.25
1047.00,0,0.78,0.00,-7.45,-178.44,0.25
1048.00,0,0.80,0.00,-7.45,-178.52,0.25
1049.00,0,0.77,0.00,-7.45,-178.60,0.25
1050.00,0,0.76,0.00,-7.46,-178.67,0.25
1051.00,0,0.74,0.00,-7.46,-178.75,0.25
1052.00,0,0.82,0.00,-7.45,-178.83,0.25
1053.00,0,0.80,0.00,-7.45,-178.91,0.25
1054.00,0,0.78,0.00,-7.45,-178.99,0.25
1055.00,0,0.78,0.00,-7.46,-179.07,0.25
1056.00,0,0.78,0.00,-7.46,-179.14,0.25
1057.00,0,0.81,0.00,-7.45,-179.23,0.25
1058.00,0,0.79,0.00,-7.45,-179.31,0.25
1059.00,0,0.79,0.00,-7.45,-179.38,0.25
1060.00,0,0.78,0.00,-7.46,-179.46,0.25
1061.00,0,0.78,0.00,-7.46,-179.54,0.25
1062.00,0,0.77,0.00,-7.45,-179.62,0.25
1063.00,0,0.77,0.00,-7.45,-179.70,0.25
1064.00,0,0.76,0.00,-7.45,-179.77,0.25
1065.00,0,0.76,0.00,-7.46,-179.85,0.25
1066.00,0,0.80,0.00,-7.46,-179.93,0.25
1067.00,0,0.80,0.00,-7.45,-180.01,0.25
1068.00,0,0.79,0.00,-7.45,-180.09,0.25
1069.00,0,0.79,0.00,-7.45,-180.17,0.25
1070.00,0,0.80,0.00,-7.46,-180.25,0.25
1071.00,0,0.79,0.00,-7.46,-180.33,0.25
1072.00,0,0.78,0.00,-7.45,-180.40,0.25
1073.00,0,0.78,0.00,-7.45,-180.48,0.25
1074.00,0,0.78,0.00,-7.45,-180.56,0.25
1075.00,0,0.78,0.00,-7.46,-180.64,0.25
1076.00,0,0.77,0.00,-7.46,-180.72,0.25
1077.00,0,0.77,0.00,-7.45,-180.80,0.25
1078.00,0,0.82,0.00,-7.45,-180.87,0.25
1079.00,0,0.77,0.00,-7.45,-180.95,0.25
1080.00,0,0.78,0.00,-7.46,-181.03,0.25
1081.00,0,0.83,0.00,-7.46,-181.11,0.25
1082.00,0,0.80,0.00,-7.45,-181.19,0.25
1083.00,0,0.79,0.00,-7.45,-181.27,0.25
1084.00,0,0.79,0.00,-7.45,-181.34,0.25
1085.00,0,0.77,0.00,-7.46,-181.42,0.25
1086.00,0,0.80,0.00,-7.46,-181.50,0.25
1087.00,0,0.78,0.00,-7.45,-181.58,0.25
1088.00,0,0.77,0.00,-7.44,-181.65,0.25
1089.00,0,0.75,0.00,-7.45,-181.73,0.25
1090.00,0,0.76,0.00,-7.46,-181.80,0.25
1091.00,0,0.75,0.00,-7.46,-181.88,0.25
1092.00,0,0.80,0.00,-7.45,-181.95,0.25
1093.00,0,0.79,0.00,-7.44,-182.03,0.25
1094.00,0,0.83,0.00,-7.45,-182.11,0.25
1095.00,0,0.81,0.00,-7.45,-182.19,0.25
1096.00,0,0.82,0.00,-7.45,-182.28,0.25
1097.00,0,0.80,0.00,-7.45,-182.36,0.25
1098.00,0,0.81,0.00,-7.45,-182.44,0.25
1099.00,0,0.80,0.00,-7.46,-182.52,0.25
1100.00,0,0.81,0.00,-7.46,-182.60,0.25
1101.00,0,0.78,0.00,-7.45,-182.67,0.25
1102.00,0,0.79,0.00,-7.45,-182.75,0.25
1103.00,0,0.77,0.00,-7.45,-182.83,0.25
1104.00,0,0.75,0.00,-7.46,-182.90,0.25
1105.00,0,0.76,0.00,-7.46,-182.98,0.25
1106.00,0,0.80,0.00,-7.45,-183.06,0.25
1107.00,0,0.78,0.00,-7.45,-183.14,0.25
1108.00,0,0.75,0.00,-7.45,-183.22,0.25
1109.00,0,0.77,0.00,-7.46,-183.29,0.25
1110.00,0,0.80,0.00,-7.46,-183.37,0.25
1111.00,0,0.80,0.00,-7.45,-183.45,0.25
1112.00,0,0.78,0.00,-7.44,-183.53,0.25
1113.00,0,0.79,0.00,-7.45,-183.61,0.25
1114.00,0,0.78,0.00,-7.46,-183.69,0.25
1115.00,0,0.78,0.00,-7.46,-183.77,0.25
1116.00,0,0.78,0.00,-7.45,-183.84,0.25
1117.00,0,0.78,0.00,-7.44,-183.92,0.25
1118.00,0,0.77,0.00,-7.45,-184.00,0.25
1119.00,0,0.78,0.00,-7.46,-184.08,0.25
1120.00,0,0.77,0.00,-7.45,-184.16,0.25
1121.00,0,0.78,0.00,-7.45,-184.23,0.25
1122.00,0,0.78,0.00,-7.44,-184.31,0.25
1123.00,0,0.77,0.00,-7.45,-184.39,0.25
1124.00,0,0.78,0.00,-7.45,-184.47,0.25
1125.00,0,0.77,0.00,-7.45,-184.55,0.25
1126.00,0,0.77,0.00,-7.45,-184.62,0.25
1127.00,0,0.77,0.00,-7.45,-184.70,0.25
1128.00,0,0.77,0.00,-7.46,-184.78,0.25
1129.00,0,0.78,0.00,-7.46,-184.86,0.25
1130.00,0,0.77,0.00,-7.45,-184.93,0.25
1131.00,0,0.76,0.00,-7.44,-185.01,0.25
1132.00,0,0.86,0.00,-7.45,-185.09,0.25
1133.00,0,0.84,0.00,-7.46,-185.17,0.25
1134.00,0,0.86,0.00,-7.46,-185.26,0.25
1135.00,0,0.83,0.00,-7.45,-185.34,0.25
1136.00,0,0.78,0.00,-7.45,-185.42,0.25
1137.00,0,0.78,0.00,-7.45,-185.50,0.25
1138.00,0,0.77,0.00,-7.46,-185.58,0.25
1139.00,0,0.77,0.00,-7.46,-185.65,0.25
1140.00,0,0.76,0.00,-7.45,-185.73,0.25
1141.00,0,0.76,0.00,-7.45,-185.81,0.25
1142.00,0,0.76,0.00,-7.45,-185.88,0.25
1143.00,0,0.78,0.00,-7.46,-185.96,0.25
1144.00,0,0.75,0.00,-7.46,-186.04,0.25
1145.00,0,0.81,0.00,-7.45,-186.11,0.25
1146.00,0,0.79,0.00,-7.45,-186.19,0.25
1147.00,0,0.78,0.00,-7.45,-186.27,0.25
1148.00,0,0.78,0.00,-7.46,-186.35,0.25
1149.00,0,0.79,0.00,-7.46,-186.43,0.25
1150.00,0,0.78,0.00,-7.45,-186.51,0.25
1151.00,0,0.78,0.00,-7.45,-186.59,0.25
1152.00,0,0.78,0.00,-7.45,-186.67,0.25
1153.00,0,0.75,0.00,-7.46,-186.74,0.25
1154.00,0,0.77,0.00,-7.46,-186.82,0.25
1155.00,0,0.79,0.00,-7.45,-186.90,0.25
1156.00,0,0.80,0.00,-7.45,-186.98,0.25
1157.00,0,0.78,0.00,-7.45,-187.05,0.25
1158.00,0,0.77,0.00,-7.46,-187.13,0.25
1159.00,0,0.76,0.00,-7.46,-187.21,0.25
1160.00,0,0.74,0.00,-7.45,-187.28,0.25
1161.00,0,0.74,0.00,-7.45,-187.35,0.25
1162.00,0,0.79,0.00,-7.45,-187.43,0.25
1163.00,0,0.83,0.00,-7.46,-187.51,0.25
1164.00,0,0.82,0.00,-7.46,-187.59,0.25
1165.00,0,0.82,0.00,-7.45,-187.68,0.25
1166.00,0,0.83,0.00,-7.45,-187.76,0.25
1167.00,0,0.78,0.00,-7.45,-187.83,0.25
1168.00,0,0.80,0.00,-7.46,-187.91,0.25
1169.00,0,0.78,0.00,-7.46,-187.99,0.25
1170.00,0,0.76,0.00,-7.45,-188.06,0.25
1171.00,0,0.75,0.00,-7.44,-188.14,0.25
1172.00,0,0.75,0.00,-7.45,-188.21,0.25
1173.00,0,0.79,0.00,-7.46,-188.29,0.25
1174.00,0,0.80,0.00,-7.46,-188.37,0.25
1175.00,0,0.79,0.00,-7.45,-188.45,0.25
1176.00,0,0.79,0.00,-7.44,-188.53,0.25
1177.00,0,0.80,0.00,-7.45,-188.60,0.25
1178.00,0,0.79,0.00,-7.46,-188.68,0.25
1179.00,0,0.79,0.00,-7.45,-188.76,0.25
1180.00,0,0.82,0.00,-7.45,-188.84,0.25
1181.00,0,0.79,0.00,-7.44,-188.92,0.25
1182.00,0,0.76,0.00,-7.45,-189.00,0.25
1183.00,0,0.80,0.00,-7.45,-189.07,0.25
1184.00,0,0.78,0.00,-7.45,-189.15,0.25
1185.00,0,0.76,0.00,-7.45,-189.23,0.25
1186.00,0,0.78,0.00,-7.44,-189.31,0.25
1187.00,0,0.82,0.00,-7.44,-189.39,0.25
1188.00,0,0.81,0.00,-7.45,-189.47,0.25
1189.00,0,0.81,0.00,-7.45,-189.55,0.25
1190.00,0,0.79,0.00,-7.45,-189.63,0.25
1191.00,0,0.81,0.00,-7.45,-189.71,0.25
1192.00,0,0.80,0.00,-7.46,-189.79,0.25
1193.00,0,0.81,0.00,-7.46,-189.87,0.25
1194.00,0,0.79,0.00,-7.45,-189.94,0.25
1195.00,0,0.80,0.00,-7.44,-190.02,0.25
1196.00,0,0.78,0.00,-7.45,-190.10,0.25
1197.00,0,0.80,0.00,-7.46,-190.18,0.25
1198.00,0,0.79,0.00,-7.46,-190.26,0.25
1199.00,0,0.79,0.00,-7.45,-190.34,0.25
1200.00,0,0.78,0.00,-7.44,-190.41,0.25
1201.00,0,0.79,0.00,-7.45,-190.49,0.25
1202.00,0,0.78,0.00,-7.46,-190.57,0.25
1203.00,0,0.80,0.00,-7.46,-190.65,0.25
1204.00,0,0.78,0.00,-7.45,-190.73,0.25
1205.00,0,0.80,0.00,-7.44,-190.80,0.25
1206.00,0,0.78,0.00,-7.45,-190.88,0.25
1207.00,0,0.81,0.00,-7.46,-190.96,0.25
1208.00,0,0.79,0.00,-7.46,-191.04,0.25
1209.00,0,0.80,0.00,-7.45,-191.12,0.25
1210.00,0,0.78,0.00,-7.44,-191.20,0.25
1211.00,0,0.78,0.00,-7.45,-191.27,0.25
1212.00,0,0.78,0.00,-7.46,-191.35,0.25
1213.00,0,0.81,0.00,-7.46,-191.43,0.25
1214.00,0,0.79,0.00,-7.45,-191.51,0.25
1215.00,0,0.80,0.00,-7.44,-191.59,0.25
1216.00,0,0.78,0.00,-7.45,-191.66,0.25
1217.00,0,0.81,0.00,-7.46,-191.74,0.25
1218.00,0,0.79,0.00,-7.46,-191.82,0.25
1219.00,0,0.80,0.00,-7.45,-191.90,0.25
1220.00,0,0.78,0.00,-7.44,-191.98,0.25
1221.00,0,0.80,0.00,-7.45,-192.06,0.25
1222.00,0,0.79,0.00,-7.46,-192.13,0.25
1223.00,0,0.81,0.00,-7.46,-192.21,0.25
1224.00,0,0.78,0.00,-7.45,-192.29,0.25
1225.00,0,0.80,0.00,-7.44,-192.37,0.25
1226.00,0,0.78,0.00,-7.45,-192.45,0.25
1227.00,0,0.81,0.00,-7.46,-192.53,0.25
1228.00,0,0.79,0.00,-7.46,-192.61,0.25
1229.00,0,0.80,0.00,-7.45,-192.68,0.25
1230.00,0,0.78,0.00,-7.44,-192.76,0.25
1231.00,0,0.79,0.00,-7.45,-192.84,0.25
1232.00,0,0.79,0.00,-7.46,-192.92,0.25
1233.00,0,0.78,0.00,-7.46,-192.99,0.25
1234.00,0,0.79,0.00,-7.45,-193.07,0.25
1235.00,0,0.78,0.00,-7.44,-193.15,0.25
1236.00,0,0.77,0.00,-7.45,-193.23,0.25
1237.00,0,0.79,0.00,-7.46,-193.30,0.25
1238.00,0,0.80,0.00,-7.46,-193.38,0.25
1239.00,0,0.81,0.00,-7.45,-193.46,0.25
1240.00,0,0.79,0.00,-7.44,-193.54,0.25
1241.00,0,0.77,0.00,-7.45,-193.62,0.25
1242.00,0,0.77,0.00,-7.46,-193.69,0.25
1243.00,0,0.76,0.00,-7.45,-193.77,0.25
1244.00,0,0.78,0.00,-7.45,-193.85,0.25
1245.00,0,0.81,0.00,-7.44,-193.93,0.25
1246.00,0,0.80,0.00,-7.45,-194.01,0.25
1247.00,0,0.81,0.00,-7.45,-194.09,0.25
1248.00,0,0.81,0.00,-7.45,-194.17,0.25
1249.00,0,0.78,0.00,-7.45,-194.24,0.25
1250.00,0,0.80,0.00,-7.44,-194.32,0.25
1251.00,0,0.79,0.00,-7.45,-194.40,0.25
1252.00,0,0.81,0.00,-7.45,-194.48,0.25
1253.00,0,0.79,0.00,-7.45,-194.56,0.25
1254.00,0,0.80,0.00,-7.45,-194.64,0.25
1255.00,0,0.78,0.00,-7.44,-194.72,0.25
1256.00,0,0.77,0.00,-7.45,-194.79,0.25
1257.00,0,0.79,0.00,-7.45,-194.87,0.25
1258.00,0,0.78,0.00,-7.45,-194.95,0.25
1259.00,0,0.80,0.00,-7.45,-195.03,0.25
1260.00,0,0.78,0.00,-7.44,-195.10,0.25
1261.00,0,0.77,0.00,-7.45,-195.18,0.25
1262.00,0,0.81,0.00,-7.45,-195.26,0.25
1263.00,0,0.80,0.00,-7.45,-195.34,0.25
1264.00,0,0.80,0.00,-7.45,-195.42,0.25
1265.00,0,0.78,0.00,-7.44,-195.50,0.25
1266.00,0,0.77,0.00,-7.45,-195.57,0.25
1267.00,0,0.77,0.00,-7.45,-195.65,0.25
1268.00,0,0.75,0.00,-7.45,-195.72,0.25
1269.00,0,0.74,0.00,-7.45,-195.80,0.25
1270.00,0,0.80,0.00,-7.44,-195.87,0.25
1271.00,0,0.78,0.00,-7.45,-195.95,0.25
1272.00,0,0.78,0.00,-7.45,-196.03,0.25
1273.00,0,0.78,0.00,-7.45,-196.11,0.25
1274.00,0,0.76,0.00,-7.45,-196.18,0.25
1275.00,0,0.78,0.00,-7.44,-196.26,0.25
1276.00,0,0.78,0.00,-7.45,-196.34,0.25
1277.00,0,0.79,0.00,-7.45,-196.41,0.25
1278.00,0,0.80,0.00,-7.45,-196.49,0.25
1279.00,0,0.78,0.00,-7.45,-196.57,0.25
1280.00,0,0.78,0.00,-7.44,-196.65,0.25
1281.00,0,0.81,0.00,-7.45,-196.73,0.25
1282.00,0,0.81,0.00,-7.45,-196.81,0.25
1283.00,0,0.81,0.00,-7.45,-196.89,0.25
1284.00,0,0.82,0.00,-7.45,-196.97,0.25
1285.00,0,0.81,0.00,-7.44,-197.05,0.25
1286.00,0,0.77,0.00,-7.45,-197.13,0.25
1287.00,0,0.80,0.00,-7.45,-197.20,0.25
1288.00,0,0.80,0.00,-7.45,-197.28,0.25
1289.00,0,0.80,0.00,-7.45,-197.36,0.25
1290.00,0,0.78,0.00,-7.44,-197.44,0.25
1291.00,0,0.76,0.00,-7.45,-197.52,0.25
1292.00,0,0.79,0.00,-7.45,-197.59,0.25
1293.00,0,0.79,0.00,-7.45,-197.67,0.25
1294.00,0,0.80,0.00,-7.45,-197.75,0.25
1295.00,0,0.78,0.00,-7.44,-197.83,0.25
1296.00,0,0.79,0.00,-7.45,-197.91,0.25
1297.00,0,0.78,0.00,-7.45,-197.98,0.25
1298.00,0,0.78,0.00,-7.45,-198.06,0.25
1299.00,0,0.79,0.00,-7.45,-198.14,0.25
1300.00,0,0.79,0.00,-7.44,-198.22,0.25
1301.00,0,0.76,0.00,-7.45,-198.29,0.25
1302.00,0,0.77,0.00,-7.45,-198.37,0.25
1303.00,0,0.83,0.00,-7.45,-198.45,0.25
1304.00,0,0.80,0.00,-7.45,-198.53,0.25
1305.00,0,0.79,0.00,-7.44,-198.61,0.25
1306.00,0,0.77,0.00,-7.45,-198.68,0.25
1307.00,0,0.77,0.00,-7.45,-198.76,0.25
1308.00,0,0.78,0.00,-7.45,-198.84,0.25
1309.00,0,0.78,0.00,-7.44,-198.92,0.25
1310.00,0,0.78,0.00,-7.44,-198.99,0.25
1311.00,0,0.77,0.00,-7.44,-199.07,0.25
1312.00,0,0.77,0.00,-7.44,-199.15,0.25
1313.00,0,0.77,0.00,-7.45,-199.23,0.25
1314.00,0,0.78,0.00,-7.45,-199.30,0.25
1315.00,0,0.70,0.00,-7.45,-199.38,0.25
1316.00,0,0.69,0.00,-7.46,-199.45,0.25
1317.00,0,0.67,0.00,-7.46,-199.52,0.25
1318.00,0,0.74,0.00,-7.46,-199.59,0.25
1319.00,0,0.76,0.00,-7.46,-199.67,0.25
1320.00,0,0.75,0.00,-7.46,-199.74,0.25
1321.00,0,0.76,0.00,-7.46,-199.82,0.25
1322.00,0,0.75,0.00,-7.45,-199.89,0.25
1323.00,0,0.73,0.00,-7.45,-199.96,0.25
1324.00,0,0.72,0.00,-7.45,-200.04,0.25
1325.00,0,0.76,0.00,-7.46,-200.11,0.25
1326.00,0,0.82,0.00,-7.46,-200.19,0.25
1327.00,0,0.84,0.00,-7.46,-200.27,0.25
1328.00,0,0.84,0.00,-7.46,-200.35,0.25
1329.00,0,0.83,0.00,-7.46,-200.43,0.25
1330.00,0,0.82,0.00,-7.46,-200.52,0.25
1331.00,0,0.82,0.00,-7.45,-200.60,0.25
1332.00,0,0.83,0.00,-7.45,-200.68,0.25
1333.00,0,0.81,0.00,-7.45,-200.76,0.25
1334.00,0,0.80,0.00,-7.46,-200.84,0.25
1335.00,0,0.78,0.00,-7.46,-200.92,0.25
1336.00,0,0.77,0.00,-7.46,-200.99,0.25
1337.00,0,0.78,0.00,-7.45,-201.07,0.25
1338.00,0,0.82,0.00,-7.45,-201.15,0.25
1339.00,0,0.77,0.00,-7.46,-201.23,0.25
1340.00,0,0.78,0.00,-7.46,-201.31,0.25
1341.00,0,0.76,0.00,-7.46,-201.38,0.25
1342.00,0,0.79,0.00,-7.46,-201.46,0.25
1343.00,0,0.78,0.00,-7.46,-201.54,0.25
1344.00,0,0.81,0.00,-7.45,-201.62,0.25
1345.00,0,0.79,0.00,-7.45,-201.70,0.25
1346.00,0,0.81,0.00,-7.45,-201.78,0.25
1347.00,0,0.79,0.00,-7.45,-201.86,0.25
1348.00,0,0.81,0.00,-7.46,-201.94,0.25
1349.00,0,0.78,0.00,-7.46,-202.02,0.25
1350.00,0,0.77,0.00,-7.46,-202.10,0.25
1351.00,0,0.78,0.00,-7.45,-202.18,0.25
1352.00,0,0.79,0.00,-7.45,-202.26,0.25
1353.00,0,0.79,0.00,-7.46,-202.34,0.25
1354.00,0,0.77,0.00,-7.46,-202.41,0.25
1355.00,0,0.76,0.00,-7.46,-202.49,0.25
1356.00,0,0.81,0.00,-7.45,-202.57,0.25
1357.00,0,0.79,0.00,-7.45,-202.65,0.25
1358.00,0,0.80,0.00,-7.46,-202.73,0.25
1359.00,0,0.78,0.00,-7.46,-202.81,0.25
1360.00,0,0.82,0.00,-7.46,-202.89,0.25
1361.00,0,0.81,0.00,-7.45,-202.97,0.25
1362.00,0,0.78,0.00,-7.45,-203.05,0.25
1363.00,0,0.78,0.00,-7.46,-203.12,0.25
1364.00,0,0.77,0.00,-7.46,-203.20,0.25
1365.00,0,0.79,0.00,-7.46,-203.28,0.25
1366.00,0,0.78,0.00,-7.45,-203.36,0.25
1367.00,0,0.81,0.00,-7.45,-203.44,0.25
1368.00,0,0.78,0.00,-7.46,-203.52,0.25
1369.00,0,0.78,0.00,-7.46,-203.60,0.25
1370.00,0,0.76,0.00,-7.46,-203.68,0.25
1371.00,0,0.77,0.00,-7.45,-203.75,0.25
1372.00,0,0.81,0.00,-7.45,-203.83,0.25
1373.00,0,0.79,0.00,-7.46,-203.91,0.25
1374.00,0,0.78,0.00,-7.46,-203.99,0.25
1375.00,0,0.81,0.00,-7.46,-204.07,0.25
1376.00,0,0.80,0.00,-7.46,-204.15,0.25
1377.00,0,0.82,0.00,-7.46,-204.23,0.25
1378.00,0,0.80,0.00,-7.45,-204.31,0.25
1379.00,0,0.82,0.00,-7.45,-204.40,0.25
1380.00,0,0.79,0.00,-7.45,-204.48,0.25
1381.00,0,0.81,0.00,-7.45,-204.56,0.25
1382.00,0,0.78,0.00,-7.46,-204.64,0.25
1383.00,0,0.78,0.00,-7.46,-204.72,0.25
1384.00,0,0.78,0.00,-7.45,-204.79,0.25
1385.00,0,0.77,0.00,-7.45,-204.87,0.25
1386.00,0,0.77,0.00,-7.45,-204.95,0.25
1387.00,0,0.81,0.00,-7.46,-205.03,0.25
1388.00,0,0.78,0.00,-7.46,-205.11,0.25
1389.00,0,0.78,0.00,-7.45,-205.18,0.25
1390.00,0,0.77,0.00,-7.45,-205.26,0.25
1391.00,0,0.77,0.00,-7.45,-205.34,0.25
1392.00,0,0.79,0.00,-7.46,-205.42,0.25
1393.00,0,0.78,0.00,-7.46,-205.49,0.25
1394.00,0,0.76,0.00,-7.45,-205.57,0.25
1395.00,0,0.78,0.00,-7.45,-205.65,0.25
1396.00,0,0.77,0.00,-7.45,-205.73,0.25
1397.00,0,0.75,0.00,-7.46,-205.81,0.25
1398.00,0,0.75,0.00,-7.46,-205.88,0.25
1399.00,0,0.79,0.00,-7.45,-205.96,0.25
1400.00,0,0.80,0.00,-7.45,-206.04,0.25
1401.00,0,0.80,0.00,-7.45,-206.12,0.25
1402.00,0,0.77,0.00,-7.45,-206.19,0.25
1403.00,0,0.76,0.00,-7.46,-206.27,0.25
1404.00,0,0.75,0.00,-7.45,-206.35,0.25
1405.00,0,0.80,0.00,-7.45,-206.42,0.25
1406.00,0,0.80,0.00,-7.45,-206.50,0.25
1407.00,0,0.77,0.00,-7.45,-206.58,0.25
1408.00,0,0.77,0.00,-7.46,-206.66,0.25
1409.00,0,0.75,0.00,-7.45,-206.74,0.25
1410.00,0,0.81,0.00,-7.45,-206.81,0.25
1411.00,0,0.83,0.00,-7.45,-206.90,0.25
1412.00,0,0.85,0.00,-7.46,-206.98,0.25
1413.00,0,0.81,0.00,-7.46,-207.06,0.25
1414.00,0,0.79,0.00,-7.45,-207.14,0.25
1415.00,0,0.77,0.00,-7.45,-207.22,0.25
1416.00,0,0.81,0.00,-7.45,-207.30,0.25
1417.00,0,0.79,0.00,-7.46,-207.38,0.25
1418.00,0,0.78,0.00,-7.46,-207.46,0.25
1419.00,0,0.79,0.00,-7.46,-207.54,0.25
1420.00,0,0.78,0.00,-7.45,-207.61,0.25
1421.00,0,0.78,0.00,-7.45,-207.69,0.25
1422.00,0,0.76,0.00,-7.46,-207.77,0.25
1423.00,0,0.75,0.00,-7.46,-207.85,0.25
1424.00,0,0.77,0.00,-7.46,-207.92,0.25
1425.00,0,0.81,0.00,-7.46,-208.00,0.25
1426.00,0,0.80,0.00,-7.45,-208.08,0.25
1427.00,0,0.80,0.00,-7.45,-208.16,0.25
1428.00,0,0.80,0.00,-7.45,-208.24,0.25
1429.00,0,0.80,0.00,-7.45,-208.32,0.25
1430.00,0,0.82,0.00,-7.45,-208.40,0.25
1431.00,0,0.80,0.00,-7.45,-208.48,0.25
1432.00,0,0.80,0.00,-7.46,-208.56,0.25
1433.00,0,0.80,0.00,-7.45,-208.64,0.25
1434.00,0,0.79,0.00,-7.45,-208.71,0.25
1435.00,0,0.80,0.00,-7.45,-208.79,0.25
1436.00,0,0.80,0.00,-7.45,-208.87,0.25
1437.00,0,0.77,0.00,-7.46,-208.95,0.25
1438.00,0,0.76,0.00,-7.45,-209.03,0.25
1439.00,0,0.76,0.00,-7.45,-209.10,0.25
1440.00,0,0.81,0.00,-7.45,-209.18,0.25
1441.00,0,0.79,0.00,-7.46,-209.26,0.25
1442.00,0,0.80,0.00,-7.46,-209.34,0.25
1443.00,0,0.77,0.00,-7.45,-209.42,0.25
1444.00,0,0.81,0.00,-7.45,-209.50,0.25
1445.00,0,0.80,0.00,-7.45,-209.58,0.25
1446.00,0,0.80,0.00,-7.46,-209.65,0.25
1447.00,0,0.78,0.00,-7.46,-209.73,0.25
1448.00,0,0.77,0.00,-7.45,-209.81,0.25
1449.00,0,0.80,0.00,-7.45,-209.89,0.25
1450.00,0,0.80,0.00,-7.45,-209.97,0.25
1451.00,0,0.81,0.00,-7.46,-210.04,0.25
1452.00,0,0.78,0.00,-7.46,-210.12,0.25
1453.00,0,0.78,0.00,-7.46,-210.20,0.25
1454.00,0,0.81,0.00,-7.46,-210.28,0.25
1455.00,0,0.79,0.00,-7.45,-210.36,0.25
1456.00,0,0.81,0.00,-7.45,-210.44,0.25
1457.00,0,0.80,0.00,-7.45,-210.52,0.25
1458.00,0,0.81,0.00,-7.45,-210.60,0.25
1459.00,0,0.79,0.00,-7.45,-210.68,0.25
1460.00,0,0.80,0.00,-7.45,-210.76,0.25
1461.00,0,0.78,0.00,-7.46,-210.84,0.25
1462.00,0,0.78,0.00,-7.45,-210.91,0.25
1463.00,0,0.78,0.00,-7.45,-210.99,0.25
1464.00,0,0.78,0.00,-7.45,-211.07,0.25
1465.00,0,0.80,0.00,-7.45,-211.15,0.25
1466.00,0,0.78,0.00,-7.46,-211.22,0.25
1467.00,0,0.76,0.00,-7.45,-211.30,0.25
1468.00,0,0.76,0.00,-7.45,-211.38,0.25
1469.00,0,0.76,0.00,-7.45,-211.45,0.25
1470.00,0,0.74,0.00,-7.45,-211.53,0.25
1471.00,0,0.77,0.00,-7.46,-211.60,0.25
1472.00,0,0.80,0.00,-7.45,-211.68,0.25
1473.00,0,0.83,0.00,-7.45,-211.76,0.25
1474.00,0,0.81,0.00,-7.45,-211.84,0.25
1475.00,0,0.79,0.00,-7.45,-211.92,0.25
1476.00,0,0.78,0.00,-7.46,-212.00,0.25
1477.00,0,0.75,0.00,-7.45,-212.08,0.25
1478.00,0,0.76,0.00,-7.45,-212.16,0.25
1479.00,0,0.80,0.00,-7.45,-212.23,0.25
1480.00,0,0.79,0.00,-7.45,-212.31,0.25
1481.00,0,0.77,0.00,-7.46,-212.39,0.25
1482.00,0,0.80,0.00,-7.45,-212.47,0.25
1483.00,0,0.80,0.00,-7.45,-212.55,0.25
1484.00,0,0.79,0.00,-7.45,-212.63,0.25
1485.00,0,0.82,0.00,-7.45,-212.71,0.25
1486.00,0,0.79,0.00,-7.46,-212.79,0.25
1487.00,0,0.78,0.00,-7.45,-212.87,0.25
1488.00,0,0.79,0.00,-7.45,-212.95,0.25
1489.00,0,0.87,0.00,-7.45,-213.03,0.25
1490.00,0,0.82,0.00,-7.45,-213.11,0.25
1491.00,0,0.80,0.00,-7.46,-213.19,0.25
1492.00,0,0.77,0.00,-7.45,-213.27,0.25
1493.00,0,0.76,0.00,-7.45,-213.34,0.25
1494.00,0,0.80,0.00,-7.45,-213.42,0.25
1495.00,0,0.78,0.00,-7.45,-213.50,0.25
1496.00,0,0.79,0.00,-7.46,-213.58,0.25
1497.00,0,0.77,0.00,-7.45,-213.65,0.25
1498.00,0,0.80,0.00,-7.45,-213.73,0.25
1499.00,0,0.79,0.00,-7.45,-213.81,0.25
1500.00,0,0.79,0.00,-7.45,-213.89,0.25
1501.00,0,0.78,0.00,-7.46,-213.96,0.25
1502.00,0,0.80,0.00,-7.45,-214.04,0.25
1503.00,0,0.79,0.00,-7.45,-214.12,0.25
1504.00,0,0.80,0.00,-7.45,-214.20,0.25
1505.00,0,0.78,0.00,-7.45,-214.28,0.25
1506.00,0,0.80,0.00,-7.46,-214.36,0.25
1507.00,0,0.78,0.00,-7.45,-214.43,0.25
1508.00,0,0.81,0.00,-7.45,-214.51,0.25
1509.00,0,0.79,0.00,-7.45,-214.59,0.25
1510.00,0,0.80,0.00,-7.45,-214.67,0.25
1511.00,0,0.78,0.00,-7.46,-214.75,0.25
1512.00,0,0.79,0.00,-7.45,-214.83,0.25
1513.00,0,0.78,0.00,-7.45,-214.90,0.25
1514.00,0,0.80,0.00,-7.45,-214.98,0.25
1515.00,0,0.79,0.00,-7.45,-215.06,0.25
1516.00,0,0.80,0.00,-7.46,-215.14,0.25
1517.00,0,0.78,0.00,-7.45,-215.22,0.25
1518.00,0,0.81,0.00,-7.45,-215.30,0.25
1519.00,0,0.79,0.00,-7.45,-215.37,0.25
1520.00,0,0.80,0.00,-7.45,-215.45,0.25
1521.00,0,0.78,0.00,-7.46,-215.53,0.25
1522.00,0,0.80,0.00,-7.45,-215.61,0.25
1523.00,0,0.79,0.00,-7.45,-215.69,0.25
1524.00,0,0.81,0.00,-7.45,-215.77,0.25
1525.00,0,0.78,0.00,-7.45,-215.84,0.25
1526.00,0,0.80,0.00,-7.46,-215.92,0.25
1527.00,0,0.78,0.00,-7.45,-216.00,0.25
1528.00,0,0.81,0.00,-7.45,-216.08,0.25
1529.00,0,0.79,0.00,-7.45,-216.16,0.25
1530.00,0,0.80,0.00,-7.45,-216.24,0.25
1531.00,0,0.78,0.00,-7.46,-216.31,0.25
1532.00,0,0.79,0.00,-7.45,-216.39,0.25
1533.00,0,0.79,0.00,-7.45,-216.47,0.25
1534.00,0,0.78,0.00,-7.45,-216.55,0.25
1535.00,0,0.76,0.00,-7.45,-216.62,0.25
1536.00,0,0.80,0.00,-7.46,-216.70,0.25
1537.00,0,0.79,0.00,-7.45,-216.78,0.25
1538.00,0,0.80,0.00,-7.45,-216.86,0.25
1539.00,0,0.79,0.00,-7.45,-216.94,0.25
1540.00,0,0.78,0.00,-7.45,-217.01,0.25
1541.00,0,0.80,0.00,-7.46,-217.09,0.25
1542.00,0,0.79,0.00,-7.45,-217.17,0.25
1543.00,0,0.78,0.00,-7.45,-217.25,0.25
1544.00,0,0.78,0.00,-7.45,-217.32,0.25
1545.00,0,0.76,0.00,-7.45,-217.40,0.25
1546.00,0,0.76,0.00,-7.46,-217.48,0.25
1547.00,0,0.79,0.00,-7.45,-217.55,0.25
1548.00,0,0.78,0.00,-7.45,-217.63,0.25
1549.00,0,0.77,0.00,-7.45,-217.71,0.25
1550.00,0,0.78,0.00,-7.45,-217.79,0.25
1551.00,0,0.77,0.00,-7.46,-217.86,0.25
1552.00,0,0.79,0.00,-7.45,-217.94,0.25
1553.00,0,0.78,0.00,-7.44,-218.02,0.25
1554.00,0,0.77,0.00,-7.45,-218.10,0.25
1555.00,0,0.76,0.00,-7.45,-218.17,0.25
1556.00,0,0.81,0.00,-7.46,-218.25,0.25
1557.00,0,0.78,0.00,-7.45,-218.33,0.25
1558.00,0,0.78,0.00,-7.44,-218.41,0.25
1559.00,0,0.78,0.00,-7.44,-218.48,0.25
1560.00,0,0.77,0.00,-7.45,-218.56,0.25
1561.00,0,0.80,0.00,-7.46,-218.64,0.25
1562.00,0,0.81,0.00,-7.45,-218.72,0.25
1563.00,0,0.80,0.00,-7.44,-218.80,0.25
1564.00,0,0.78,0.00,-7.44,-218.88,0.25
1565.00,0,0.78,0.00,-7.45,-218.96,0.25
1566.00,0,0.78,0.00,-7.45,-219.04,0.25
1567.00,0,0.78,0.00,-7.45,-219.12,0.25
1568.00,0,0.80,0.00,-7.44,-219.19,0.25
1569.00,0,0.77,0.00,-7.44,-219.27,0.25
1570.00,0,0.75,0.00,-7.45,-219.35,0.25
1571.00,0,0.82,0.00,-7.45,-219.43,0.25
1572.00,0,0.80,0.00,-7.45,-219.51,0.25
1573.00,0,0.78,0.00,-7.44,-219.58,0.25
1574.00,0,0.78,0.00,-7.45,-219.66,0.25
1575.00,0,0.78,0.00,-7.45,-219.74,0.25
1576.00,0,0.78,0.00,-7.45,-219.82,0.25
1577.00,0,0.78,0.00,-7.44,-219.90,0.25
1578.00,0,0.78,0.00,-7.45,-219.98,0.25
1579.00,0,0.80,0.00,-7.45,-220.06,0.25
1580.00,0,0.79,0.00,-7.45,-220.13,0.25
1581.00,0,0.79,0.00,-7.44,-220.21,0.25
1582.00,0,0.78,0.00,-7.45,-220.29,0.25
1583.00,0,0.78,0.00,-7.45,-220.37,0.25
1584.00,0,0.78,0.00,-7.45,-220.45,0.25
1585.00,0,0.76,0.00,-7.45,-220.53,0.25
1586.00,0,0.81,0.00,-7.44,-220.61,0.25
1587.00,0,0.79,0.00,-7.45,-220.68,0.25
1588.00,0,0.78,0.00,-7.45,-220.76,0.25
1589.00,0,0.77,0.00,-7.45,-220.84,0.25
1590.00,0,0.77,0.00,-7.44,-220.92,0.25
1591.00,0,0.75,0.00,-7.45,-220.99,0.25
1592.00,0,0.78,0.00,-7.45,-221.07,0.25
1593.00,0,0.79,0.00,-7.45,-221.15,0.25
1594.00,0,0.80,0.00,-7.44,-221.23,0.25
1595.00,0,0.80,0.00,-7.44,-221.30,0.25
1596.00,0,0.82,0.00,-7.45,-221.39,0.25
1597.00,0,0.81,0.00,-7.45,-221.47,0.25
1598.00,0,0.81,0.00,-7.45,-221.55,0.25
1599.00,0,0.78,0.00,-7.45,-221.62,0.25
1600.00,0,0.81,0.00,-7.44,-221.70,0.25
1601.00,0,0.79,0.00,-7.45,-221.78,0.25
1602.00,0,0.80,0.00,-7.45,-221.86,0.25
1603.00,0,0.78,0.00,-7.45,-221.94,0.25
1604.00,0,0.80,0.00,-7.44,-222.02,0.25
1605.00,0,0.78,0.00,-7.45,-222.09,0.25
1606.00,0,0.80,0.00,-7.45,-222.17,0.25
1607.00,0,0.77,0.00,-7.45,-222.25,0.25
1608.00,0,0.80,0.00,-7.44,-222.33,0.25
1609.00,0,0.78,0.00,-7.45,-222.40,0.25
1610.00,0,0.80,0.00,-7.45,-222.48,0.25
1611.00,0,0.78,0.00,-7.45,-222.56,0.25
1612.00,0,0.80,0.00,-7.44,-222.64,0.25
1613.00,0,0.78,0.00,-7.45,-222.72,0.25
1614.00,0,0.80,0.00,-7.45,-222.79,0.25
1615.00,0,0.78,0.00,-7.45,-222.87,0.25
1616.00,0,0.80,0.00,-7.44,-222.95,0.25
1617.00,0,0.78,0.00,-7.45,-223.03,0.25
1618.00,0,0.80,0.00,-7.45,-223.11,0.25
1619.00,0,0.78,0.00,-7.45,-223.18,0.25
1620.00,0,0.80,0.00,-7.44,-223.26,0.25
1621.00,0,0.78,0.00,-7.45,-223.34,0.25
1622.00,0,0.80,0.00,-7.45,-223.42,0.25
1623.00,0,0.78,0.00,-7.45,-223.50,0.25
1624.00,0,0.80,0.00,-7.44,-223.57,0.25
1625.00,0,0.78,0.00,-7.45,-223.65,0.25
1626.00,0,0.80,0.00,-7.45,-223.73,0.25
1627.00,0,0.78,0.00,-7.45,-223.81,0.25
1628.00,0,0.80,0.00,-7.44,-223.89,0.25
1629.00,0,0.78,0.00,-7.45,-223.96,0.25
1630.00,0,0.80,0.00,-7.45,-224.04,0.25
1631.00,0,0.78,0.00,-7.45,-224.12,0.25
1632.00,0,0.80,0.00,-7.44,-224.20,0.25
1633.00,0,0.78,0.00,-7.45,-224.28,0.25
1634.00,0,0.80,0.00,-7.45,-224.35,0.25
1635.00,0,0.78,0.00,-7.45,-224.43,0.25
1636.00,0,0.80,0.00,-7.44,-224.51,0.25
1637.00,0,0.78,0.00,-7.45,-224.59,0.25
1638.00,0,0.80,0.00,-7.45,-224.67,0.25
1639.00,0,0.78,0.00,-7.45,-224.75,0.25
1640.00,0,0.80,0.00,-7.44,-224.82,0.25
1641.00,0,0.78,0.00,-7.45,-224.90,0.25
1642.00,0,0.80,0.00,-7.45,-224.98,0.25
1643.00,0,0.78,0.00,-7.45,-225.06,0.25
1644.00,0,0.80,0.00,-7.44,-225.14,0.25
1645.00,0,0.78,0.00,-7.45,-225.21,0.25
1646.00,0,0.80,0.00,-7.45,-225.29,0.25
1647.00,0,0.78,0.00,-7.44,-225.37,0.25
1648.00,0,0.80,0.00,-7.44,-225.45,0.25
1649.00,0,0.78,0.00,-7.45,-225.53,0.25
1650.00,0,0.80,0.00,-7.45,-225.60,0.25
1651.00,0,0.78,0.00,-7.44,-225.68,0.25
1652.00,0,0.80,0.00,-7.44,-225.76,0.25
1653.00,0,0.78,0.00,-7.45,-225.84,0.25
1654.00,0,0.80,0.00,-7.45,-225.92,0.25
1655.00,0,0.78,0.00,-7.44,-225.99,0.25
1656.00,0,0.80,0.00,-7.44,-226.07,0.25
1657.00,0,0.78,0.00,-7.45,-226.15,0.25
1658.00,0,0.80,0.00,-7.45,-226.23,0.25
1659.00,0,0.78,0.00,-7.44,-226.31,0.25
1660.00,0,0.80,0.00,-7.44,-226.38,0.25
1661.00,0,0.78,0.00,-7.45,-226.46,0.25
1662.00,0,0.80,0.00,-7.45,-226.54,0.25
1663.00,0,0.78,0.00,-7.44,-226.62,0.25
1664.00,0,0.80,0.00,-7.44,-226.70,0.25
1665.00,0,0.78,0.00,-7.45,-226.77,0.25
1666.00,0,0.80,0.00,-7.45,-226.85,0.25
1667.00,0,0.78,0.00,-7.44,-226.93,0.25
1668.00,0,0.80,0.00,-7.44,-227.01,0.25
1669.00,0,0.78,0.00,-7.45,-227.09,0.25
1670.00,0,0.80,0.00,-7.45,-227.16,0.25
1671.00,0,0.78,0.00,-7.44,-227.24,0.25
1672.00,0,0.80,0.00,-7.44,-227.32,0.25
1673.00,0,0.78,0.00,-7.45,-227.40,0.25
1674.00,0,0.80,0.00,-7.45,-227.48,0.25
1675.00,0,0.78,0.00,-7.44,-227.55,0.25
1676.00,0,0.80,0.00,-7.44,-227.63,0.25
1677.00,0,0.78,0.00,-7.45,-227.71,0.25
1678.00,0,0.80,0.00,-7.45,-227.79,0.25
1679.00,0,0.78,0.00,-7.44,-227.87,0.25
1680.00,0,0.80,0.00,-7.44,-227.95,0.25
1681.00,0,0.78,0.00,-7.45,-228.02,0.25
1682.00,0,0.80,0.00,-7.45,-228.10,0.25
1683.00,0,0.78,0.00,-7.44,-228.18,0.25
